comment,time_utc
Most important game of the year! I’m terrified but excited and tentatively hopeful. Only two more weeks of the regular season 😵‍💫,2026-04-04T13:53:10Z
Go Simek ,2026-04-04T14:02:57Z
"Per HockeyStats, if we win today, or playoff odds jump to 63%. If we lose, it goes to 34%. Massive, massive game.",2026-04-04T14:13:53Z
"So who do you have scoring goals tonight I got a thriller 6-5 us with Mack scoring 2 (1 the game winner in OT), Will gets a goal, Colin scores, Tyler and Misa gets a goal ",2026-04-04T14:28:48Z
Let’s go Sharks!!!! Let’s get it done today! ,2026-04-04T14:33:35Z
Let’s keep rolling!!! ,2026-04-04T14:36:42Z
Got a feeling Misa gets one tonight,2026-04-04T14:36:48Z
let’s go!!,2026-04-04T14:37:21Z
Huge game !!!!!   Lets fucking go ,2026-04-04T14:40:48Z
"I’ll be there tonight at the tank fellas, let’s keep it rolling 🔥",2026-04-04T14:43:19Z
4AM start time. No wifi at home. I hope my roaming 4G sacrifices will not be for nothing. ,2026-04-04T14:53:14Z
"Part of me says Lock In Keep Wildcard Fuck Yeah

The other part of me remembers if we hold onto wildcard, we play the Avs 🤣",2026-04-04T15:19:52Z
LETS GO SHARKSSSSS. Imagine if we score again in the final minute 😆,2026-04-04T16:05:25Z
"If you told me at the end of last season that this game between the Sharks and Preds was going to be important, I would’ve assumed that both teams were competing for dead last and the loser of this game would get the best shot at winning the lottery.",2026-04-04T16:06:51Z
"Any chance we can get a Sherwood goal tonight, boys? 


*Scratches Arm*",2026-04-04T16:07:53Z
"tonight is a massive one for the playoff race, and a real test to see what this team is made of. 

but most importantly let’s just have some fun tonight",2026-04-04T16:37:12Z
Every game is “the most important” of the rest of the year but THIS is the most most important,2026-04-04T16:40:22Z
"I hope everyone has fun tonight, but I hope Macklin Celebrini has the most fun!",2026-04-04T16:51:30Z
"Manifesting Smitty Greatness

https://preview.redd.it/78pp6juog7tg1.jpeg?width=960&amp;format=pjpg&amp;auto=webp&amp;s=ca057bbb989af896dacbb477218258331f006b20",2026-04-04T17:05:05Z
Biggest game in years. Let’s go Sharks!,2026-04-04T17:08:04Z
"LETS GO SHARKSSSSS

https://preview.redd.it/2s9cfbmvj7tg1.jpeg?width=1080&amp;format=pjpg&amp;auto=webp&amp;s=c43c68153ac896b6f052e44c346e1dbabe9c2fd7",2026-04-04T17:22:57Z
"I’m very superstitious so whatever all of you were doing during our four game winning streak, I need you to do it again today",2026-04-04T17:26:28Z
"demon’s revenge game 😈

![gif](giphy|0u41kGPnVuZCMntgbF|downsized)",2026-04-04T17:56:55Z
"They played like shit the last time they faced Nashville, but they were in the middle of their big losing streak and are playing a lot better now. I’m hopeful. This game is huge for their playoff hopes",2026-04-04T18:27:22Z
Anyone going to the game tonight that can snag me a mystery puck? I'm on the east coast so I'd pay for puck and shipping.,2026-04-04T18:34:07Z
"https://preview.redd.it/hsgv327rw7tg1.jpeg?width=1188&amp;format=pjpg&amp;auto=webp&amp;s=e994d433136de8d1b7392bf99d62e9383a158165

Let’s go Asky",2026-04-04T18:35:17Z
Preds are on a 14 game win streak against us. That just means we’re due… no better time than tonight to end that godawful streak. Let’s go boys,2026-04-04T19:25:32Z
"[https://www.youtube.com/watch?v=44AIR2--5Yc](https://www.youtube.com/watch?v=44AIR2--5Yc)

NHL posted the full Ducks-Sharks game. Kinda random but not complaining, probably one of the most entertaining games this season.",2026-04-04T19:49:25Z
"Last time we played Nashville, it felt like they ended our season. Even the players seemed to feel that way, though they obviously didn't say it in those words. I'm hoping they come into this one fired up",2026-04-04T20:42:32Z
"LFG!!! 🦈🩵

Been so hyped for this all day! ",2026-04-04T20:45:18Z
"If they lose, my family’s getting a very salty version of me at Easter lunch…",2026-04-04T22:01:21Z
Just bought my ticket! I’m excited for my first game of the season! ,2026-04-04T22:35:20Z
I’m hoping Sherwood has fun ,2026-04-04T22:47:22Z
"panthers losing 9-2

![gif](giphy|2uIlgpkfPB3so0FlNt)",2026-04-04T23:14:30Z
"Askys first game against the preds, right?",2026-04-04T23:14:36Z
"KINGS DOWN 2-0 ALREADY AFTER A LEAFS SHORTY


we can’t fuck this up now man
",2026-04-04T23:48:21Z
"Need Asky to stunt on these mfs

![gif](giphy|f7kFgDa3KC4NIX0TZA)",2026-04-04T23:54:36Z
It's gonna be like a playoff game. I pray for no stupid defensive turnovers ,2026-04-05T00:04:11Z
Kings down 2-0 to the Leafs!,2026-04-05T00:06:28Z
"While the Sharks are making their run at the playoffs, the Cuda could clinch a playoff spot tonight if they get a point vs the Colorado Eagles.",2026-04-05T00:08:04Z
Ofc the leafs are letting the kings back into it 🫠,2026-04-05T00:25:47Z
[deleted],2026-04-05T00:38:35Z
I would like Asky to show the Preds what they lost out on,2026-04-05T00:43:05Z
"As long as we don’t have a hole that takes almost 20 minutes to fix, I will be happy",2026-04-05T00:47:48Z
"Anyone have two tickets they cannot sell and they want to give them to a father daughter to go? We are good people, and I'll buy you a beer if you are there too.",2026-04-05T00:47:52Z
"Freaking Kings gonna OTL their way to a playoff spot, aren’t they?",2026-04-05T00:59:59Z
"This year is yet another example as to why the loser point is so silly.

LA should be nowhere close to a spot. No other sport awards points for losses",2026-04-05T01:03:13Z
[deleted],2026-04-05T01:11:10Z
"I'm so pumped, bricked up, and throbbin for this game... revenge game for Asky against the Perderders",2026-04-05T01:25:22Z
One goal boys. Just the one so we can groove out to our not groovy goal song. ,2026-04-05T01:28:49Z
Yo maple leafs wtf,2026-04-05T01:30:04Z
Man the leafs really can’t just do us a solid and hold onto a lead in regulation?!?!? ,2026-04-05T01:30:18Z
Dang I thought the comic book was going to be hockey related but it’s just the cover,2026-04-05T01:30:19Z
Freaking Laughs cough up their lead again ,2026-04-05T01:30:58Z
omg Leafs ur so sucky,2026-04-05T01:31:53Z
"Kings now up multiple goals, Giants losing 3-0. Sharks better show up tonight man!",2026-04-05T01:34:27Z
"minny won earlier so i'm bringing forth those vibes unto the sharks lfg

https://preview.redd.it/386qz1vlz9tg1.jpeg?width=1320&amp;format=pjpg&amp;auto=webp&amp;s=ae1eac6f4750be05e82e57a30d021aad458570bb",2026-04-05T01:34:40Z
Can’t believe I trusted the leafs,2026-04-05T01:34:48Z
"The leafs are so ass


I’m calling it, they will be Vancouver shit next year. They have all the makings in my opinion
",2026-04-05T01:35:16Z
Where do the sharks currently stand for their playoff chances? What do they need to do in order to clinch a spot in the wild card?,2026-04-05T01:35:17Z
Toronto is so useless.,2026-04-05T01:35:38Z
Leafs choking monumentally.,2026-04-05T01:37:14Z
Went to do dishes during the Leafs/Kings intermission and I come back to them crashing and burning. YOU HAD ONE JOB ,2026-04-05T01:37:17Z
I’m not going to be mad if they don’t make it to the playoffs because they’re already better than we expected but I hope the boys have fun,2026-04-05T01:38:03Z
We are so back.,2026-04-05T01:41:11Z
My boys just pulled out a win against the Isles so I'm bringing that hope here we can do it y'all,2026-04-05T01:41:15Z
"Dumolin with the Sharksiest defense ever. I'll take it. Get me two more, Toronto. ",2026-04-05T01:41:23Z
Can the Habs also pls beat the Devils,2026-04-05T01:46:16Z
Ekky with the hat trick tonight,2026-04-05T01:48:30Z
Ok Leafs ONE MORE,2026-04-05T01:49:12Z
"My dude clutched me with 116 tickets tonight, bless up on this heater matchup ",2026-04-05T01:49:19Z
good evening krusty krew. my sweet of the game is dubai chocolate in honor of will smith hockey 😌,2026-04-05T01:50:23Z
Leafs tied it up. Finish this out.,2026-04-05T01:50:43Z
"Wow, neither team can hold a lead in this Kings/Laughs game!",2026-04-05T01:51:15Z
Asky you CAN rise to the occasion we BELIEVE in you,2026-04-05T01:51:32Z
"Kings gonna OTL again, aren’t they?",2026-04-05T01:52:00Z
"Can't wait to see how ass the Kings are next season. Kopitar is retiring, their number 1 center is gonna be Quinton Byfield who is on pace for a whopping 46 pts. ",2026-04-05T01:52:26Z
Sherwood you bring me joy,2026-04-05T01:52:37Z
Love your attitude Chief,2026-04-05T01:52:51Z
"Another OTL for the kings, I already know the script 🙄",2026-04-05T01:53:00Z
I did not realize the Kings broke the record for most OTL’s in a season in their last game against the Preds 😂,2026-04-05T01:53:18Z
the Kings are such bums with their cheap OTLs fighting for a playoff spot,2026-04-05T01:54:11Z
I got hatty blocked in my last game so would like to see a hatty here. Who's gonna get it?,2026-04-05T01:54:57Z
ASKY I HAVE FAITH IN YOU JUST PLEASE STOP THE ADVENTURES OUT OF NET TODAY PLEASE AND THANK YOU ,2026-04-05T01:56:05Z
Yes be desperate and hungryyyy,2026-04-05T01:57:05Z
"Seasoned veteran William Eklund. I remember yelling for joy that he fell to the Sharks during the COVID draft.

https://preview.redd.it/fe1c8cdj3atg1.jpeg?width=640&amp;format=pjpg&amp;auto=webp&amp;s=d230b894ac886b3ccd6f4d556b0dead70022564a

",2026-04-05T01:57:06Z
"let's go eky (and friends)

https://preview.redd.it/0118iwzs3atg1.jpeg?width=1080&amp;format=pjpg&amp;auto=webp&amp;s=06618a01f5b4e0657eea0b22d40ad052e24db474",2026-04-05T01:58:12Z
Tell me if you’ve heard this one before…Kings headed to OT,2026-04-05T01:58:20Z
I am going to scream why has Regenda been scratched so much? Did he die? Kill someone? Call Warso a hoe?,2026-04-05T01:58:29Z
fucking loser point merchants,2026-04-05T01:58:42Z
"Another OT point for LA. Unreal.

Also looks like we won't be getting any help from VAN tonight. ",2026-04-05T01:58:43Z
"Updated standings:

Mammoth 84
Kings 80
Sharks 79
Preds 79
Jets 78",2026-04-05T01:59:40Z
"LA in OT again. 

Unbelievable ",2026-04-05T01:59:42Z
Another OT for the kings. Such a pathetic team ,2026-04-05T01:59:59Z
"Nothing is certain in life except death, taxes and the kings headed for OT",2026-04-05T02:00:06Z
"https://preview.redd.it/piqicby44atg1.jpeg?width=909&amp;format=pjpg&amp;auto=webp&amp;s=b723c5cdb8a731bc36a091f5f55cd24742b5b3a2

let’s go boys",2026-04-05T02:00:08Z
Are you serious LA,2026-04-05T02:00:19Z
Randy I love you plugging the bakery,2026-04-05T02:00:38Z
"Was thinking today the Bay has been blessed, it went from Joe Montana to Barry Bonds to Steph Curry and now Celebrini with hardly any gaps in between.",2026-04-05T02:00:45Z
people flying in to see the sharks is so awesome! the people behind me in line at the last game i went to were from Vegas,2026-04-05T02:00:59Z
Big game for both teams. These young guns gotta be fired up,2026-04-05T02:01:03Z
"How is LA even real, this is hilarious",2026-04-05T02:01:06Z
all aboard the hype train! choooo choooooo,2026-04-05T02:01:16Z
Saros is insane ,2026-04-05T02:01:28Z
Kings should be charged with crimes. Heading to another OT,2026-04-05T02:01:31Z
going from human giant stolarz to “6 ft” saros will be interesting,2026-04-05T02:02:24Z
"He isn't lying about Saros not being a big guy, one of the the shortest goalies atm",2026-04-05T02:02:51Z
Shots up for luck! LET'S GO!,2026-04-05T02:03:10Z
When you take your seat and a tall man is leaning forward in front of you ☠️,2026-04-05T02:03:16Z
LA wins. gotta get 2pts here,2026-04-05T02:03:21Z
As a Finn I loved Saros in Milan but would not mind if he had an off night tonight. ,2026-04-05T02:03:32Z
That guy looks teeny in the net,2026-04-05T02:03:32Z
Kings win in OT,2026-04-05T02:03:39Z
Oh Kings won it?!,2026-04-05T02:03:47Z
Fuck the Leafs. LA wins. ,2026-04-05T02:03:48Z
Damnit this is such an important game ,2026-04-05T02:03:52Z
Man fuck the kings ,2026-04-05T02:03:54Z
Oh nice to see Reavo pumping the guys up as they walk out :),2026-04-05T02:03:56Z
Nylander is a dumbass bitch,2026-04-05T02:04:03Z
i got zero sugar twizzlers rn what yall got,2026-04-05T02:04:08Z
OTW for kings...at least its not a reg win ig...,2026-04-05T02:04:10Z
Shiiieet,2026-04-05T02:04:24Z
Big big game! Let's go! ,2026-04-05T02:04:26Z
"Mammoth 86 points, Kings 81 points, Sharks 79 Points, Predators 79 Points and Jets 78 Points",2026-04-05T02:04:27Z
Fuck William nylander ,2026-04-05T02:04:54Z
Is Hahn's voice cracking up more than usual this season?,2026-04-05T02:05:01Z
"![gif](giphy|HrWYrEYoPysPou6Evd)

Most important game of the season so far. Let’s fucking go",2026-04-05T02:05:03Z
Goddamn OTW merchants. Fuck the Leafs while we’re at it too ,2026-04-05T02:05:05Z
best place to stream this game?,2026-04-05T02:05:15Z
embarassing from the Leafs,2026-04-05T02:05:25Z
LET'S FUCKIN GO BOYS,2026-04-05T02:05:33Z
wills suit today was rad af ,2026-04-05T02:05:40Z
Columbus completely imploded btw lol,2026-04-05T02:05:44Z
Fuck the Kings.,2026-04-05T02:05:44Z
None of the games went our way so far. Need 2 points here. ,2026-04-05T02:05:46Z
could someone hook me up with a link please? all my usual spots aren't working or don't have the game 😩,2026-04-05T02:05:50Z
"alright teal crew, time to turn my saturday around. I got fkn stood up for a date at 530. Let's turn these tables",2026-04-05T02:05:58Z
fuck idc that much about playoffs but I'd really like to win this just as a fuck you to la,2026-04-05T02:06:06Z
If you win today I think they make it and lose I dont think they will. Kings win can’t lose ground to both Nash and LA,2026-04-05T02:06:21Z
Kiefer goal anyone?,2026-04-05T02:06:55Z
God damnit Kings,2026-04-05T02:07:26Z
https://i.redd.it/yvpolalp5atg1.gif,2026-04-05T02:08:56Z
AHHH,2026-04-05T02:09:11Z
"https://preview.redd.it/e338etnr5atg1.jpeg?width=500&amp;format=pjpg&amp;auto=webp&amp;s=30e38c5dca5448052aa040cbd8ad277156821d9b

",2026-04-05T02:09:13Z
Crazy eyes from Tara Sloan,2026-04-05T02:09:17Z
lets fucking go boys,2026-04-05T02:09:46Z
wow the tank is buzzing,2026-04-05T02:09:50Z
haha i love sherwood,2026-04-05T02:10:00Z
i love sherwood,2026-04-05T02:10:02Z
kiefer 🩵😩,2026-04-05T02:10:06Z
Good morning (haven't slept) from Germany. Biggest game of the year I want to hear the Tank loud AF tonight,2026-04-05T02:10:10Z
"My tv is so behind.   
And my phone is out of reach, to lower the data use of DAZN. Gonna stress out extra hard!",2026-04-05T02:10:14Z
I need Sherwood mic'ed up. For my mental health,2026-04-05T02:10:42Z
Rough start ,2026-04-05T02:11:02Z
high danger giveaway already Jesus Christ,2026-04-05T02:11:16Z
Preds look hungry ,2026-04-05T02:11:26Z
"Mic'd up Sherwood would be wild, but it would be three seconds of useable clips.",2026-04-05T02:11:40Z
"yeah mack and cherny with immediately dzone turnovers, lets clean it up ",2026-04-05T02:11:52Z
https://preview.redd.it/4xmek0t96atg1.jpeg?width=1080&amp;format=pjpg&amp;auto=webp&amp;s=61fc81daa240c9c5c5153cfdc7788ab2229bb6e4,2026-04-05T02:12:02Z
"Predators living up to their name so far, looking like...well...predators(the animal kind).",2026-04-05T02:12:02Z
They already testing Asky bruh,2026-04-05T02:12:06Z
we cant let them bully us along the boards,2026-04-05T02:12:23Z
ASKYYYYYY,2026-04-05T02:12:45Z
Man have we been in the O zone at all ,2026-04-05T02:12:46Z
We love starting poorly huh ,2026-04-05T02:12:46Z
Come on boys keep it together!,2026-04-05T02:12:49Z
sheesh Preds playing with that fire. not ideal start,2026-04-05T02:12:52Z
"Thank you Asky so far. The rest of you, I'm not mad, just disappointed.",2026-04-05T02:12:55Z
K we don't need to test Asky this much so early,2026-04-05T02:12:55Z
Can we get out of our zone please ,2026-04-05T02:12:58Z
"https://preview.redd.it/d1i0uwff6atg1.jpeg?width=400&amp;format=pjpg&amp;auto=webp&amp;s=34f5ab45b5f79ab4be758079ecf219d215230e0d

",2026-04-05T02:13:00Z
the preds being so physical already is scaring me ,2026-04-05T02:13:10Z
Predators doing everything but scoring ,2026-04-05T02:13:12Z
Ay yo what the fuck boys,2026-04-05T02:13:17Z
We gonna see some fisticuffs tonight,2026-04-05T02:13:20Z
can we please possess the puck? lol. heart rate up with all these TOs,2026-04-05T02:13:21Z
Heavy forechecking teams just eat the Sharks alive. ,2026-04-05T02:13:30Z
haha asky kinda looked like a cat on that save looking for the puck.,2026-04-05T02:13:37Z
slightly suboptimal start,2026-04-05T02:13:42Z
"Y’know, I should’ve known when he decided to drop the gloves against Tom Wilson in his first game here, but man I love how Ostapchuk doesn’t hesitate to be physical",2026-04-05T02:14:07Z
Muk with a great shift.,2026-04-05T02:14:20Z
Oof it’s the physical play that sometimes kills them ,2026-04-05T02:14:39Z
there we go atta boy Sherwood!,2026-04-05T02:14:45Z
Sherwood I love you so much,2026-04-05T02:14:54Z
graf looking annoyed already,2026-04-05T02:15:02Z
thought i heard klingberg and shuddered,2026-04-05T02:15:39Z
Crazy shit can we get a replay on that Pred shot,2026-04-05T02:16:00Z
Don't scare us with that goal light,2026-04-05T02:16:09Z
Asky is god,2026-04-05T02:16:12Z
Why does the Sharks home broadcast never shows the anthem(s)? ,2026-04-05T02:16:15Z
goodrow lol,2026-04-05T02:16:49Z
no mack don’t shake your head yet!!!,2026-04-05T02:17:27Z
Why do we play so freaking bad against Nashville?!? Like honestly it’s a curse,2026-04-05T02:17:32Z
Sherwood is a lunatic.,2026-04-05T02:17:36Z
props for leddy for trying,2026-04-05T02:17:42Z
Let’s go team!!! The kings got 2 points so we need ours too!,2026-04-05T02:17:44Z
I always love seeing the backup goalie on the bench idk why they're so cute,2026-04-05T02:17:45Z
Ned just looks so chill on the bench lmao,2026-04-05T02:17:47Z
Death taxes and Sharks not being able to get out of their zone.,2026-04-05T02:18:05Z
It’s gotta be weird for the players on the bench like focusing on the game and then a guy next to them is just shouting in to a mic a pre game motivational speech 😂,2026-04-05T02:18:16Z
graf pls shoot that,2026-04-05T02:18:31Z
"Just a reminder that the Sharks can still technically win the Pacific division if they win their last 8 games and the Ducks, Oilers and Knights all fall apart",2026-04-05T02:19:02Z
Guys I’m scared ,2026-04-05T02:20:34Z
"No way we score first, riiighhht?",2026-04-05T02:20:49Z
Why does this game evoke the feeling of being hunted for sport?,2026-04-05T02:20:58Z
"https://preview.redd.it/j96rlaos7atg1.png?width=368&amp;format=png&amp;auto=webp&amp;s=4c918965b4f016acada30ab41cb9cbb0e28081f0

Does the NHL not know the lines?",2026-04-05T02:20:58Z
Ferraro man can you clear it any worse,2026-04-05T02:21:15Z
"https://preview.redd.it/nocttkjw7atg1.jpeg?width=1320&amp;format=pjpg&amp;auto=webp&amp;s=8a4ab55ae22eccf1429dd932d74530ba01d9a3b1

star of the game!!!",2026-04-05T02:21:15Z
Ahh Gaud come on,2026-04-05T02:21:24Z
ugh not oh no playing 😭 ,2026-04-05T02:21:45Z
GRAF NATION U MUST KILL THE FUCK OUT OF THIS PENALTY ,2026-04-05T02:21:46Z
quinnipiac university legend collin graf,2026-04-05T02:21:52Z
Oh Gaud OH GAUD NO!!,2026-04-05T02:21:55Z
ASKY WE BELIEVE ,2026-04-05T02:22:14Z
"C'mon Sharks, you are my only hope left today 🤞🏻

(why is there no teal heart emoji?)",2026-04-05T02:22:16Z
free my man. i love him,2026-04-05T02:22:20Z
Hmmmm I hope he serves the whole 2 minutes. He deserves. Don’t let him come out any earlier 🙏🏼,2026-04-05T02:22:24Z
DJ is wilding,2026-04-05T02:22:28Z
Asky most important shark tonight,2026-04-05T02:22:53Z
"Honestly think if the Sharks just had 1 elite puck moving d-man - Celebrini would be fighting for the Art Ross, Sharks would be comfortably in a wild card spot, and Smith would also have at least 10 more pts.",2026-04-05T02:22:53Z
I feel our PK is generally pretty good,2026-04-05T02:22:55Z
That’s not a hook. That exact play happens 50 times a game,2026-04-05T02:22:57Z
Colin Graf shorthander coming up!,2026-04-05T02:22:57Z
Not sure how much faith I should have tonight ,2026-04-05T02:23:05Z
"Free Gaudette. Not that he's innocent, just for the principle.

![gif](giphy|eV3B6VcUIrBFm)

",2026-04-05T02:23:22Z
"Do you think there are NHL guys who are insecure about their spitting? Like, are there guys checking the jumbotron before they spit just in case because they feel like they look weird or they're bad at it or whatever? Or do those guys get weeded out before they reach the pros? ",2026-04-05T02:23:30Z
collin ghandi my ethical demon,2026-04-05T02:23:51Z
Ferraro failed to clear. We concede,2026-04-05T02:24:03Z
I’m surprised the kill is still ranked 19th. I feel like it’s been really good recently. ,2026-04-05T02:24:05Z
Just go get a stick,2026-04-05T02:24:07Z
FUCK OFF,2026-04-05T02:24:10Z
BOOOOOOOOO,2026-04-05T02:24:11Z
All that cause Mario whiffed........,2026-04-05T02:24:14Z
Lots of hockey left y'all ,2026-04-05T02:24:15Z
Dammit,2026-04-05T02:24:17Z
Bad feeling about this whole period tbh,2026-04-05T02:24:19Z
really bad penalty from gaudette led to that but were still in this,2026-04-05T02:24:20Z
welp,2026-04-05T02:24:20Z
https://preview.redd.it/4qa8z97h8atg1.jpeg?width=1170&amp;format=pjpg&amp;auto=webp&amp;s=3a4a19a7eecdc83627453f35b227b88ec7d222ef,2026-04-05T02:24:23Z
for fucks sake,2026-04-05T02:24:24Z
"Shocking. Playing generally sloppy, not getting out of the zone, and giving them so many chances results in a goal for them.",2026-04-05T02:24:25Z
FUCK MY LIFE,2026-04-05T02:24:28Z
damn that man and his mustache ,2026-04-05T02:24:29Z
Boooh 😭,2026-04-05T02:24:39Z
10 years ago that never gets called.,2026-04-05T02:24:39Z
"man, theve been applying pressure all game so far, this felt like it was coming",2026-04-05T02:24:43Z
high glove side again,2026-04-05T02:24:45Z
Gaud is dead,2026-04-05T02:24:49Z
Honestly was just waiting for that one to happen it felt pretty inevitable ,2026-04-05T02:24:54Z
Sad vibes 😢,2026-04-05T02:24:58Z
just what we needed...,2026-04-05T02:24:59Z
"Ferraro’s bad clear, and then his stick keeping a subsequent clear in the zone leading to the goal is some cursed shit",2026-04-05T02:25:22Z
smith rushed it,2026-04-05T02:25:40Z
My stream is so far behind I’m watching like a whole 2 mins knowing this goal is coming 🥲,2026-04-05T02:25:43Z
terrible,2026-04-05T02:25:43Z
Guys I can't do another first period disaster ,2026-04-05T02:25:47Z
I believe in the Chillmack line.,2026-04-05T02:25:53Z
"yuck. Let's get it back ASAP, please.",2026-04-05T02:25:57Z
Our first line about to get a 4 points night. I’m manifesting it 🙏🏼,2026-04-05T02:26:00Z
great,2026-04-05T02:26:02Z
Askarov brother,2026-04-05T02:26:06Z
I want to die,2026-04-05T02:26:08Z
"Ah, a humiliation ritual kind of first period I see",2026-04-05T02:26:09Z
"I need them to stop saying ""a former Predator""


Also. Fuck.",2026-04-05T02:26:10Z
Soft as shit,2026-04-05T02:26:13Z
Well it was a good run......,2026-04-05T02:26:13Z
"BRO REFS

CALL THE FUCKING GAME",2026-04-05T02:26:15Z
...no bro not again...,2026-04-05T02:26:19Z
ah shit here we fucking go,2026-04-05T02:26:19Z
https://preview.redd.it/mkcb88ot8atg1.jpeg?width=640&amp;format=pjpg&amp;auto=webp&amp;s=93c521168b0c69daa8807f2e61cff1564a1efdf4,2026-04-05T02:26:20Z
Fucking kidding me. 🤦‍♂️,2026-04-05T02:26:20Z
I'm scared,2026-04-05T02:26:21Z
what the fuck was wennberg doing there ,2026-04-05T02:26:21Z
fffffuck I thought asky had that in his glove,2026-04-05T02:26:21Z
Entry for Nashville has been so damn easy,2026-04-05T02:26:22Z
lets stop the spiral here lol,2026-04-05T02:26:23Z
"oof, warso needs to reset his guys",2026-04-05T02:26:25Z
FUCK,2026-04-05T02:26:26Z
Fuck it's looking bad,2026-04-05T02:26:28Z
I think I’m done watching sports ,2026-04-05T02:26:30Z
https://preview.redd.it/9wxu4xwu8atg1.jpeg?width=1170&amp;format=pjpg&amp;auto=webp&amp;s=1ba195c52701b73304846834188f1db6e2f2fdf4,2026-04-05T02:26:33Z
Asky just cannot let these shots in like that,2026-04-05T02:26:33Z
JFC it’s the god damn Predators. ,2026-04-05T02:26:34Z
IM GONNA THROW UPPP,2026-04-05T02:26:35Z
Fuck fuck fuck,2026-04-05T02:26:35Z
What the hell is this,2026-04-05T02:26:35Z
Call timeout Warso. ,2026-04-05T02:26:38Z
Still a lot of hockey left 😭,2026-04-05T02:26:38Z
FUCK OFF FORSBURGGGG ,2026-04-05T02:26:39Z
Askarov's glove needs insane work...,2026-04-05T02:26:40Z
And it’s over ,2026-04-05T02:26:40Z
its fine!!🧘🏽‍♀️💆‍♀️☮️,2026-04-05T02:26:41Z
That goal was insane?,2026-04-05T02:26:41Z
https://preview.redd.it/ebp7156w8atg1.jpeg?width=960&amp;format=pjpg&amp;auto=webp&amp;s=14b407b2beb02c4205b3e753d68f2b599641d4ae,2026-04-05T02:26:43Z
What is it about the Predators that makes them such a bad matchup for us?,2026-04-05T02:26:43Z
[deleted],2026-04-05T02:26:43Z
still believe but if not hoping for OT at this point 😔,2026-04-05T02:26:45Z
"https://preview.redd.it/zrlmi8bw8atg1.jpeg?width=640&amp;format=pjpg&amp;auto=webp&amp;s=788e1afeaf6c1de93eb6aa359527f68ab296adbb

",2026-04-05T02:26:46Z
Preds fucking owning us both games so far. Not like this,2026-04-05T02:26:46Z
CHALLENGE IT ,2026-04-05T02:26:47Z
"Where's the button to restart the game?

What do you mean this is real life and we can't restart.",2026-04-05T02:26:50Z
At least they shit the bed early so I can be disappointed early,2026-04-05T02:26:51Z
Time out Warso don’t let it get out of control like Nash,2026-04-05T02:26:54Z
This feels very similar to last Nashville game 😳,2026-04-05T02:26:56Z
D gets exposed by good teams ,2026-04-05T02:26:57Z
Horrible fucking start.  Fucking Asakrov ,2026-04-05T02:26:58Z
"For fucks sake


We can’t beat this team
",2026-04-05T02:26:58Z
"We. Are. Cursed!

![gif](giphy|Pe33Om9fNCSVeb5hG4)",2026-04-05T02:27:00Z
It’s actually unbelievable ,2026-04-05T02:27:03Z
doesn't this just mean we're gonna go insane 3rd period?,2026-04-05T02:27:04Z
"Ah, crap!",2026-04-05T02:27:07Z
I’m devastated they aren’t challenging the goal,2026-04-05T02:27:08Z
"Somehow making these Predators look like the early season Colorado Avs in the last 2 games we've played them 

Their only win since the last time we played them was in a 15 round shoot-out against the Kings

Ridiculous",2026-04-05T02:27:10Z
"Jesus, they are just letting the Preds live in our zone so far. I hate it. Take back control! ",2026-04-05T02:27:15Z
Fuck,2026-04-05T02:27:21Z
Celebrini bout to play 30 minutes this game lmao.,2026-04-05T02:27:26Z
Alright that wasn't the start anyone wanted but there's a lot of hockey left. ,2026-04-05T02:27:30Z
Damn just not ready probably have to win 6/7 to get in ,2026-04-05T02:27:31Z
Hmmm why don’t we challenge that?,2026-04-05T02:27:31Z
"that’s so fucking lazy from every single forward out there, not gonna win games if you backcheck like that",2026-04-05T02:27:35Z
Warso is a cuck lol ,2026-04-05T02:27:36Z
That was a sad shot by smitty,2026-04-05T02:27:39Z
2 goals under 3 minutes…,2026-04-05T02:27:39Z
"Y'all are acting like it's the last 10 minutes instead of the first lol, maybe we'll lose but we got 50 minutes to go ",2026-04-05T02:27:43Z
Just outmatched.,2026-04-05T02:27:45Z
damn it.,2026-04-05T02:27:46Z
"Need to calm it down and start clawing back, boys look slow and frantic at the same time ",2026-04-05T02:27:54Z
Coach said it's fine just let them have a goal ,2026-04-05T02:27:55Z
Warso knows that a timeout there to regroup was an option right? ,2026-04-05T02:27:56Z
Didn’t challenge? WHATTTTTT BROOOOOOO PLEASSEEEE,2026-04-05T02:27:57Z
Super disappointing start here obviously. Brutal passing again. Nashville always kicks their ass ,2026-04-05T02:28:10Z
This team owns us,2026-04-05T02:28:13Z
[deleted],2026-04-05T02:28:21Z
"Sure looked like a high touch, but you can't spell Shaky without Asky.",2026-04-05T02:28:24Z
"What is Nashville's problem with us, they beat us all year just to do the same thing in the playoffs every year and lose in game 6 at home. ",2026-04-05T02:28:29Z
Playing with a lot of energy but no composure. ,2026-04-05T02:28:31Z
this team is unfortunately much better than us ,2026-04-05T02:28:31Z
Can’t generate shit rn,2026-04-05T02:28:34Z
What is it about the sharks and playing like utter shit when it's against the preds?,2026-04-05T02:28:44Z
 No sugar coating it. Boys look awful in these first ten minutes. Preds barely have to work for the puck or their chances. Only chance we mustered Smith whiffed on a good pass with no one around him. Need to wake up soon and get the next goal before this looks like a repeat of the last game against them ,2026-04-05T02:28:48Z
"Nabby and Miller have to work with Asky on that glove

It’s flat out terrible. They needed that save. Tough save but the playoffs are full of those ",2026-04-05T02:28:57Z
Sharks looked completely out of sync from the opening faceoff ,2026-04-05T02:29:18Z
that 2nd goal was bad defense by the forwards. made no effort and the preds had a 4v2,2026-04-05T02:29:34Z
doomers are awfully fucking early tonight huh,2026-04-05T02:29:46Z
"yeah, you got to challenge it if nothing else to just take a beat and give the boyz a reset. Warso can be such a lunk head.",2026-04-05T02:29:47Z
gonna see celebrini in every shift after that ,2026-04-05T02:29:52Z
We have this in the bag.,2026-04-05T02:30:15Z
Chillmack supremacy ,2026-04-05T02:30:24Z
Huge chance here to get back in this early ,2026-04-05T02:30:34Z
Is it weird that I feel calmed by being down by 2? Are we the new oilers?,2026-04-05T02:30:42Z
Love passing drills ,2026-04-05T02:30:42Z
Let’s get some momentum back here,2026-04-05T02:30:57Z
"Ok, powerplay lessgooo",2026-04-05T02:31:01Z
2 roaches in the house right after 2 predator goals this feels like something biblical ,2026-04-05T02:31:06Z
not must score but atleast get some damn momentum,2026-04-05T02:31:08Z
This games gonna go to OT I bet,2026-04-05T02:31:13Z
"Yo where is chubzdubz at


How’s your jinx coming 
",2026-04-05T02:31:22Z
"With how we've played so far against the Preds this season, can't underestimate how important this power play is.",2026-04-05T02:31:27Z
It's amazing how often we give up 2+ in less than 2 minutes.,2026-04-05T02:31:30Z
No chance we're coming back riiighhht.,2026-04-05T02:31:32Z
Wait r they taking asky out of net?,2026-04-05T02:31:36Z
Love Will Smith going to the net and drawing that penalty. More of that #2!,2026-04-05T02:31:38Z
https://i.imgur.com/6qIwFRj.jpeg,2026-04-05T02:31:50Z
"It’s great to see the warso haters also don’t know the basic rules of hockey, makes me more confident in him",2026-04-05T02:31:53Z
71 is having some trouble in the dot tonight.  Time to turn that around.,2026-04-05T02:31:57Z
"Are we sure Askarov is the future? I’m all for giving him more time to develop and want him to be great, but at this point I’m not sure his potential is as high as we thought. ",2026-04-05T02:31:58Z
"The “let ‘em play” officiating this morning in COL v. DAL compared to this is… something. 

Excited about the power play tho!",2026-04-05T02:32:10Z
is everyone in here new to hockey or way too into sports betting? whats with the rancid vibes lol,2026-04-05T02:32:12Z
Ok but just remember the Pens game when they came back from 5-1 to win ,2026-04-05T02:32:26Z
https://preview.redd.it/90bal4by9atg1.jpeg?width=960&amp;format=pjpg&amp;auto=webp&amp;s=d04eacfa016168131b6ab496dddf39a11180597b,2026-04-05T02:32:40Z
"Come the fuck on MAck, shoot  the fucking puck there",2026-04-05T02:33:33Z
Ah shoot it Mack,2026-04-05T02:33:39Z
WHHHHHYYYY,2026-04-05T02:33:45Z
"Death, Taxes, and Sharks trying to be goddamn fancy instead of just shooting it sometimes.",2026-04-05T02:33:48Z
Sharks pp (passing practice) ,2026-04-05T02:33:58Z
"![gif](giphy|VNTMx3LkpG2anXpwbr)

pp = passing simulator again ig...",2026-04-05T02:33:58Z
![gif](giphy|OpPyw0U5IGZDog5K4U),2026-04-05T02:33:59Z
"Macklin, shoot the puck bro!",2026-04-05T02:34:07Z
"Fucking brutal, these guys are not up for this game",2026-04-05T02:34:13Z
shoot the puck,2026-04-05T02:34:14Z
Preds got a super aggressive PK.,2026-04-05T02:34:17Z
Gotta start winning some of these loose pucks,2026-04-05T02:34:32Z
PP goal coming up.,2026-04-05T02:34:32Z
"Macklin gotta shoot there, but Will's having a rough game so far",2026-04-05T02:34:48Z
https://preview.redd.it/qw8g7i4caatg1.jpeg?width=1080&amp;format=pjpg&amp;auto=webp&amp;s=089b84b36d97af97d5a48ac2a413929f980e8cac,2026-04-05T02:34:48Z
How did they not score what the fuck,2026-04-05T02:34:49Z
Is Will drunk? Serious question. ,2026-04-05T02:34:55Z
"Pass pass pass pass pass pass pass pass pass pass….. should we try anything else? 

Passé?",2026-04-05T02:34:59Z
why does PP2 look better than PP1,2026-04-05T02:35:07Z
How we are not last on the PP besides luck I have no idea still. ,2026-04-05T02:35:14Z
"Dickinson, Misa, and Chernyshov on the ice - probably the 3 best OHL players last season haha.",2026-04-05T02:35:14Z
"Last few games we went shot crazy, but now we're back to passing ",2026-04-05T02:35:22Z
https://preview.redd.it/z9zn56ofaatg1.jpeg?width=1080&amp;format=pjpg&amp;auto=webp&amp;s=0833a2e7292555a88752a033ae4daee340044769,2026-04-05T02:35:22Z
Is Smith going to be a choker? Too early to tell but this is a big game and he is crumbling,2026-04-05T02:35:22Z
Dickinson looked ready for PP1 with that shift,2026-04-05T02:35:22Z
Somebody needs to explain to the Sharks that the more times you pass the puck before shooting doesn’t initiate a bonus point situation. We aren’t playing Tony Hawks Pro Skater here building up a multiplier!,2026-04-05T02:35:32Z
"Well, that was definitely a power play alright!",2026-04-05T02:35:36Z
"If anyone is in the building, this performance deserves boos. I heartily endorse. ",2026-04-05T02:35:42Z
haha the sharks fans pointing is so funny,2026-04-05T02:35:45Z
"aight round 2, let’s try that again",2026-04-05T02:35:47Z
"I understand that it’s hindsight, but I’m really surprised that Warsofsky didn’t give Ned tonight and Asky Monday",2026-04-05T02:35:50Z
Convert this one please 🙏🏾,2026-04-05T02:35:52Z
Woot another Power Pass!,2026-04-05T02:35:54Z
where offense,2026-04-05T02:35:55Z
Second unit knows how to shoot boys,2026-04-05T02:35:59Z
We better score this time lol,2026-04-05T02:36:03Z
"Alrighty, got some momentum from that first PP, let's make it happen in the second!",2026-04-05T02:36:03Z
We're gonna do it on this one trust ,2026-04-05T02:36:06Z
Smith had 2 turnovers with plenty of time to make a play and whiffed on the 2 on 1 setup from Mack. Rough first from him up to this point ,2026-04-05T02:36:06Z
![gif](giphy|wIAzgC4sqiGaeKMhr2),2026-04-05T02:36:06Z
"Great power play honestly, let's do it again but with a goal this time",2026-04-05T02:36:08Z
pp2 should start this powerplay,2026-04-05T02:36:12Z
"This may sound familiar but..

With how we've played so far against the Preds this season, can't underestimate how important this power play is.

😂",2026-04-05T02:36:13Z
Our power plays feel more like a punishment for a crime we didn't commit...,2026-04-05T02:36:13Z
"Time for another Passing Practice?

\*psst psst psst\* That's not what PP stands for? Well, I don't know what then.",2026-04-05T02:36:27Z
"Hoping this game can be different but Preds play heavy structured hockey with a strong forecheck and the Sharks’defense just can’t handle that pressure. They turn the puck over in their own zone, and Nash is elite at punishing mistakes. Once the Preds score, it’s basically over they lock it down and the Sharks start collapsing. That what weve seen in the previous game and this first period….",2026-04-05T02:36:32Z
surely we score on this powerplay ,2026-04-05T02:36:33Z
https://preview.redd.it/6abn5senaatg1.png?width=1120&amp;format=png&amp;auto=webp&amp;s=fe34061145344f439772512544b6415ed7c5be27,2026-04-05T02:36:34Z
DONT PLAY HOT POTATO AGAIN PLEASE,2026-04-05T02:36:34Z
I swore we hooked him lol thank god,2026-04-05T02:36:45Z
It just feels like we dont match up well against Nashville for whatever reason,2026-04-05T02:36:46Z
great PP shame not to get rewarded. We got this.,2026-04-05T02:36:54Z
Dicky lookin like a natural on the powerplay,2026-04-05T02:36:57Z
PP goal incoming (manifesting),2026-04-05T02:37:01Z
what if I stood behind the net going pspsps to the puck,2026-04-05T02:37:02Z
Nothing will get this sub to completely give up on our young players like a bad period. ,2026-04-05T02:37:11Z
Is that person in the shower yet,2026-04-05T02:37:11Z
They're just in their head about this shit idk ,2026-04-05T02:37:15Z
"Come on sharks, they are getting sloppy gifting us PP’s. Please do something with it! Take back the game. ",2026-04-05T02:37:19Z
The Harlem globetrotters passing is really getting old. I know I sound like a casual but shoot the puck. ,2026-04-05T02:37:27Z
https://preview.redd.it/0rvp4f3uaatg1.jpeg?width=1080&amp;format=pjpg&amp;auto=webp&amp;s=78e4d079e18186f313966e0376f7c3ea668a3770,2026-04-05T02:37:37Z
Downvote this comment until Sharks score ,2026-04-05T02:38:01Z
"They practice this? Honestly, I'm not sure that helps our case.",2026-04-05T02:38:08Z
Feel like smitty will be on line 3 by period 2,2026-04-05T02:38:15Z
"We get a remake. Let’s go. 
PP2 time please 🙏🏼",2026-04-05T02:38:39Z
Saros you will start coughing–,2026-04-05T02:38:56Z
Toffoli worthless,2026-04-05T02:39:13Z
"Orlov.... Please.......

Edit: weak fucking call",2026-04-05T02:39:24Z
Of course it's fucking Orlov \*sigh\*.,2026-04-05T02:39:26Z
"Man Orlov, absolutely braindead.",2026-04-05T02:39:28Z
Toffoli in the middle of danger zone and passes it up.  Smh,2026-04-05T02:39:28Z
"ah darn it Orlow

edit: Flop",2026-04-05T02:39:31Z
aight guys cmon what are we doing,2026-04-05T02:39:33Z
"Welp, that's a bad penalty ",2026-04-05T02:39:34Z
Orlovberg ,2026-04-05T02:39:36Z
This is some dumb shit,2026-04-05T02:39:36Z
Dammit orlov,2026-04-05T02:39:40Z
One of the worst calls I’ve ever seen in my life. Wtaf,2026-04-05T02:39:42Z
LOL thats BS call,2026-04-05T02:39:46Z
Weak ass call.,2026-04-05T02:39:50Z
He didn’t he do nothing he stood there,2026-04-05T02:39:50Z
are you kidding me! is the ref fucking blind,2026-04-05T02:39:55Z
Why orlov why ,2026-04-05T02:39:56Z
penalty for existing lmfao,2026-04-05T02:40:02Z
Orlov was facing the other direction,2026-04-05T02:40:02Z
That's a penalty?? Lol k,2026-04-05T02:40:03Z
Well that was definitely a PP,2026-04-05T02:40:03Z
Diabolical call,2026-04-05T02:40:03Z
"So many opportunities to shoot the ouck, yet they keep passing it into each other skates. So frustrating considering this is how they played the last time they played the preds. ",2026-04-05T02:40:05Z
Garbage ass refs.,2026-04-05T02:40:09Z
fuck it man just run 5 forwards like we did last year,2026-04-05T02:40:14Z
Orlov gets two for the dude bouncing off of him and falling down,2026-04-05T02:40:23Z
Warso’s incredulity… same,2026-04-05T02:40:24Z
Holy fuck he was literally just *standing there* how is that interference????,2026-04-05T02:40:26Z
REFS YOU SUCK,2026-04-05T02:40:28Z
Bro got a penalty for getting his ass hit,2026-04-05T02:40:30Z
Garbage,2026-04-05T02:40:32Z
Orlov gotta go man he's been shit for a while ,2026-04-05T02:40:32Z
These refs can get FUCKED,2026-04-05T02:40:33Z
Now THAT looked like embellishment.,2026-04-05T02:40:33Z
*Processing img 840mmj0dbatg1...*,2026-04-05T02:40:34Z
The old “happened to be in a guys’ way” penalty,2026-04-05T02:40:37Z
We’re 32nd in puck luck ,2026-04-05T02:40:37Z
Make up call,2026-04-05T02:40:37Z
Celebrini’s had at least 3 times where he’s tried to make the extra pass in a good shooting position. He’s gotta be way more greedy for the rest of the game and start taking some more shots ,2026-04-05T02:40:40Z
WHAT ??????,2026-04-05T02:40:41Z
"Wiseman needs to either be reassigned or fired.

This is the most Steve Spott PP possible ",2026-04-05T02:40:43Z
"Dang, Orlov has looked so bad these past couple of weeks",2026-04-05T02:40:45Z
penalty for being on the ice ???? alright buddy,2026-04-05T02:40:53Z
"shoot the mother lovin puck, fellas.",2026-04-05T02:40:53Z
EVEN NASHVILLE KNOWS ITS BULLSHITTTTT FAH,2026-04-05T02:41:01Z
2 minutes for Standing There,2026-04-05T02:41:17Z
the fuck was that,2026-04-05T02:41:33Z
Call was shit but orlov is still ass ,2026-04-05T02:41:35Z
Collin Graf I love you always just out there tryin some shit lol,2026-04-05T02:41:35Z
https://preview.redd.it/4r58ludkbatg1.jpeg?width=390&amp;format=pjpg&amp;auto=webp&amp;s=e0a0808a473daf1283c428a786d7cdab37fab7cc,2026-04-05T02:41:44Z
well at least Macklin is doing a dance and stylin',2026-04-05T02:41:44Z
Oh my god,2026-04-05T02:41:49Z
ggs guys,2026-04-05T02:42:10Z
Another softie by Asky.,2026-04-05T02:42:17Z
"Steve Spott, I apologize to you. It can get worse than your PP.",2026-04-05T02:42:17Z
Okay what the fuck ,2026-04-05T02:42:18Z
Disaster ,2026-04-05T02:42:21Z
WELP,2026-04-05T02:42:21Z
"Another failed clear, this time by Eklund.",2026-04-05T02:42:24Z
What is going on,2026-04-05T02:42:25Z
Knew that was going in when Eklund botched the easy clear. Season officially over,2026-04-05T02:42:25Z
urgh this sucks,2026-04-05T02:42:28Z
Askarov showing why he’s on our team and not Nashville ,2026-04-05T02:42:30Z
our beautiful pk. what happened ,2026-04-05T02:42:32Z
The Asky glove hand... never fails.,2026-04-05T02:42:34Z
"Man, what are we doing",2026-04-05T02:42:35Z
Game. ,2026-04-05T02:42:36Z
Time to pull him,2026-04-05T02:42:36Z
FUCK tell me how i knew that was coming,2026-04-05T02:42:38Z
"wow, look at what happens when you shoot the puck on the powerplay. ",2026-04-05T02:42:38Z
gg.,2026-04-05T02:42:39Z
And to think I was excited to watch this one ,2026-04-05T02:42:39Z
askarov gotta stop that,2026-04-05T02:42:40Z
Here we go again.,2026-04-05T02:42:40Z
https://preview.redd.it/8a4fcjoqbatg1.jpeg?width=960&amp;format=pjpg&amp;auto=webp&amp;s=18fe7739acda3081a134b980b4356220285bcdc4,2026-04-05T02:42:41Z
Preds have our number…,2026-04-05T02:42:42Z
Wow. Brutal. ,2026-04-05T02:42:45Z
Disasterclass,2026-04-05T02:42:47Z
preds are just our kryptonite,2026-04-05T02:42:49Z
Depression,2026-04-05T02:42:50Z
Can we like switch goalies ,2026-04-05T02:42:53Z
Lmao ,2026-04-05T02:42:55Z
JFC Asky,2026-04-05T02:42:57Z
Asky needs to work on his glove this summer. Biggest thing he needs to work on.,2026-04-05T02:43:00Z
I blame myself. Haven’t been able to watch a game during our win streak. Tuned in tonight. I’m sorry fam 😭😭,2026-04-05T02:43:01Z
Oh the dreaded 3-0 lead... NSH totally gonna blow it,2026-04-05T02:43:02Z
Coaching clinic :(,2026-04-05T02:43:03Z
Jesus Christ Askarov,2026-04-05T02:43:03Z
Ravensbergen might’ve been a clutch pick,2026-04-05T02:43:07Z
it’s fine guys. the comeback starts in the 2nd ,2026-04-05T02:43:11Z
"Great shot, but Asky has to have that. Come’on!",2026-04-05T02:43:11Z
Eklunds gotta clear that,2026-04-05T02:43:14Z
What a pathetic performance from this team so far ,2026-04-05T02:43:14Z
Ekko needs to have a better first touch and then ice it. He had time to take it before trying to bat it down.,2026-04-05T02:43:18Z
😔,2026-04-05T02:43:22Z
"Either pull the goalie or call a timeout, what are you saving it for, Wasro, when it's 6-0!?",2026-04-05T02:43:24Z
It's the little things... This time it was the failure to clear the puck right before this shot. ,2026-04-05T02:43:24Z
I like Asky but I don’t like him tonight lol,2026-04-05T02:43:25Z
What is it about Nashville 😪,2026-04-05T02:43:30Z
Ok gn,2026-04-05T02:43:30Z
"cant clear, cant save the puck",2026-04-05T02:43:38Z
I am straight up not having a good time right now,2026-04-05T02:43:39Z
"![gif](giphy|GIvajz0TlE316)

Not Randy dooming too",2026-04-05T02:43:39Z
"it is starting to feel like every teams PP strategy is draw the sharks to the blocker side, get a pass to glove side and shoot it high, ugh",2026-04-05T02:43:41Z
Need a fuckin save bud,2026-04-05T02:43:43Z
Gotta Put Ned in,2026-04-05T02:43:50Z
😐,2026-04-05T02:43:55Z
Biggest game in so many years and just not showing up tonight.  Long way to go still but need the next one. ,2026-04-05T02:43:58Z
"TV off, shit effort. Making the preds look like the Avs ",2026-04-05T02:44:05Z
Do they just not learn from the last loses against the Preds? Do they not watch the tapes and then strategize and correct it for the next game? It’s so frustrating. ,2026-04-05T02:44:05Z
https://preview.redd.it/je9hn9pzbatg1.jpeg?width=1079&amp;format=pjpg&amp;auto=webp&amp;s=da1f01922fb841ff661b2ddbb60231613322cfc1,2026-04-05T02:44:06Z
We need to switch goalies I think ,2026-04-05T02:44:07Z
https://preview.redd.it/uvhsj1qzbatg1.jpeg?width=1290&amp;format=pjpg&amp;auto=webp&amp;s=a0c84840b942f48df64b09e467a758581aa4c055,2026-04-05T02:44:08Z
Sorry but what are these Toffoli passes,2026-04-05T02:44:08Z
Askarov double agent?,2026-04-05T02:44:11Z
"Not the time for a no look, hopes and prayer pass Eklund.....",2026-04-05T02:44:11Z
They don’t forecheck and they give dumb fucking penalties. Awful ,2026-04-05T02:44:13Z
"Askarov maybe should have saved that, but are people forgetting Stamkos is one of the best snipers of the last 20 years? I mean it was a hell of a shot

This sucks regardless",2026-04-05T02:44:16Z
[deleted],2026-04-05T02:44:20Z
"these guys just own us, it was what 16 straight losses to them before us yea it ain’t fun",2026-04-05T02:44:32Z
Can people stop telling the sharks how important these games are because it seems like whenever we have to go into a game where it could massively influence the playoffs we start choking ,2026-04-05T02:44:33Z
"Okey doke, down 3 in the 1st means now it's time to just have fun watching whether we win or lose &lt;3 ",2026-04-05T02:44:33Z
Bro Asky’s isn’t on it tonight. I want Ned in at the start of the 2nd. ,2026-04-05T02:44:39Z
save you got to make. it was a good shot though,2026-04-05T02:44:40Z
https://preview.redd.it/s4rsxbj3catg1.jpeg?width=1320&amp;format=pjpg&amp;auto=webp&amp;s=225915e0bcbb73414f0b796ef61d3f2d1316186f,2026-04-05T02:44:42Z
Wanted redemption for last game. Not an identical repeat,2026-04-05T02:44:49Z
man...I want reid but i don't think we get him anymore sigh...,2026-04-05T02:44:50Z
yeet,2026-04-05T02:44:54Z
"yeah im going to sleep, fun while it lasted tho",2026-04-05T02:44:54Z
sharks look tired and slow.,2026-04-05T02:44:55Z
wtf was that yeet hahaha,2026-04-05T02:45:00Z
Not the YEET soundboard 😭,2026-04-05T02:45:00Z
"You need a save at some point.

3 tough Saves Asky could have made and he couldn’t make them.

I’m sincerely a little concerned with the lack of progress he’s making in some areas ",2026-04-05T02:45:03Z
Inexcusable shit to come out and play like this again against this team. Details and effort just not there. I hope Warso is gone. ,2026-04-05T02:45:04Z
"something about Nashville 


Every fucking game. It’s so frustrating. We ALWAYS get shit refs. We ALWAYS randomly cannot clear. We ALWAYS make horrible unforced errors. It’s like beyond us. It’s not because we are horrible, or because they are really good, it’s been like this for YEARS. 
",2026-04-05T02:45:06Z
Is Nashville defense just really good or do wee just suck against them,2026-04-05T02:45:13Z
Preds have a MUCH more aggressive PK than we have ever thought of having. ,2026-04-05T02:45:13Z
"I’m glad we drafted Ravensbergen. I still have faith in Asky pulling it together, but it’s reassuring to have another option long term",2026-04-05T02:45:27Z
"Okay let's try something new, can *all* of us go take a shower rn? ",2026-04-05T02:45:32Z
"These teams are tied in the standings. One of them is mentally ready for this game, the other is not. They need to mature and they need a competent defense. The future is teal. The present is not quite teal.",2026-04-05T02:45:36Z
So much puck fanning. ,2026-04-05T02:45:36Z
"Kings win in OT, Giants losing 8-0 and the Sharks losing 3-0. This night can fuck right off!",2026-04-05T02:45:43Z
Eklund also having a very rough game,2026-04-05T02:45:45Z
https://preview.redd.it/tz530gfacatg1.jpeg?width=1008&amp;format=pjpg&amp;auto=webp&amp;s=f0e8b66a1718e3ded9ad315dd12f29d14f68d9dd,2026-04-05T02:45:45Z
Fro-arro needs to be aggressive on the puck carrier there. Standing around looking like a deer in headlights.,2026-04-05T02:45:55Z
The team that traded away Askarov lighting him up. Coincidence?,2026-04-05T02:45:56Z
Nashville turns into the fucking Avs every time we play them,2026-04-05T02:45:57Z
"They just walk right into the zone.
",2026-04-05T02:46:05Z
Nashville has been getting into our zone way too easily. Need to fix that ,2026-04-05T02:46:06Z
Do we need to pray for Will’s downfall so we can repeat Pittsburgh or something ,2026-04-05T02:46:19Z
"https://preview.redd.it/twuxr1uccatg1.jpeg?width=1320&amp;format=pjpg&amp;auto=webp&amp;s=16924a157499534c2859dfea8a5fc3b26c14dd19

Preds vs Us",2026-04-05T02:46:21Z
Why are our fundamentals so bad whenever we play Nashville? Do they have a coven of Etsy witches over there?!,2026-04-05T02:46:22Z
"It is the future is teal, not the present is teal to be fair.",2026-04-05T02:46:27Z
"Need Eklund to remember how to handle the puck please, two brutal touches right into turnover",2026-04-05T02:46:35Z
Not sure y'all are downvoting enough downvote this comment until Sharks score ,2026-04-05T02:46:36Z
They cant even string two passes together today,2026-04-05T02:46:36Z
“this is a really important game” wears thin when every game has been important to squeak into the playoffs because youre being hard carried by celebrini and a bad division. ,2026-04-05T02:46:43Z
This is a rough start - game is early but not showing much promise...,2026-04-05T02:46:43Z
Did any of you hating on Asky watch the last Nashville game? ,2026-04-05T02:46:44Z
"Starting to really worry about Asky… I know this defense is atrocious but you gotta make some saves. Orlov has been really bad the last couple games so far, hopefully for our sake they can turn it around !",2026-04-05T02:46:50Z
The amount of shit talk in this thread about our own players is baffling. Like beyond valid criticism.,2026-04-05T02:46:52Z
"how these passes are making me feel

https://preview.redd.it/jqlmxrrhcatg1.jpeg?width=272&amp;format=pjpg&amp;auto=webp&amp;s=810af752fad604f612ec0917d03e955226fc6c3c",2026-04-05T02:46:57Z
Can we please get a petition going for Asky to switch glove hands for a game? He has zero hands,2026-04-05T02:47:03Z
"Drew is right, Nashville is just outnumbering the Sharks in puck battles.

Also blaming Asky - bro Ned got lit up last time the Sharks played the Preds.",2026-04-05T02:47:19Z
"Jesus, I got home to watch the game and went to get settled then we were down three. 

Sherwood must have banged somebody’s wife when he was there to deserve this kind of treatment.",2026-04-05T02:47:39Z
Allergic to staying stood up and keeping our stick on the puck today ,2026-04-05T02:47:44Z
Was going to turn the game off for a bit and check in on the giants but it’s actually even worse over there… 8-0,2026-04-05T02:47:46Z
Hey…. At least being down 3-0 is something the sharks have got out of before! Looking at you golden knights.,2026-04-05T02:47:46Z
What the hell is going on? Just got home and checked the score ,2026-04-05T02:47:56Z
Sherwood is gritty. I like that Ikea line. ,2026-04-05T02:47:56Z
lol biggest game in 4 years and they lay an egg like this with the crowd on fire. young team big future but not ready whatsoever,2026-04-05T02:48:01Z
"Been saying Ned should have been the starter in every game unless it’s a B2B for the rest of this season. All 3 goals are saves you need your goalie to make in a game of this magnitude. Asky should be treated as the rookie backup and there’s nothing wrong with that. 

Eklund doing the team no favours with that clearing attempt on the third goal. Been invisible all period long. He’s a guy that needs to step up and perform in a game like this especially with guys around him starting slow. He’s all effort and no payoff. 2 goals in 31 games. -33 on the season which is worst on the team. ",2026-04-05T02:48:03Z
"![gif](giphy|3Q8MByvw1clC95fD2C|downsized)

let's get it this break",2026-04-05T02:48:07Z
Goodrow needs to play the song again.,2026-04-05T02:48:08Z
Tank has been playing bangers tonight. At least we got that going for us. Which is nice. ,2026-04-05T02:48:12Z
lol biggest game in 4 years and they lay an egg like this with the crowd on fire. young team big future but not ready whatsoever,2026-04-05T02:48:15Z
"hey guys, at least we gave up only 3 goals instead of the 5 last time....thats something

![gif](giphy|bmAtIwmYTHnwBy0d6W)

",2026-04-05T02:48:27Z
"the guys gotta get more physical, we were looking better at the end there",2026-04-05T02:48:31Z
Rough start. Hope the players shake whatever is going on in the intermission. ,2026-04-05T02:48:40Z
"Even if we win a puck battle we're not holding onto it for long, or we're not shooting it",2026-04-05T02:48:42Z
least it wasn’t a 5-1 first period this time,2026-04-05T02:48:43Z
Fuck Nashville,2026-04-05T02:48:46Z
"Alright, anyone got a kid to sacrifice?

Actually...That...Um...that might not be good to say...I hope everyone got that joke....Probably shouldn't have said that so eagerly like I actually want to sacrifice a kid.",2026-04-05T02:48:54Z
"https://preview.redd.it/3w40wdxucatg1.jpeg?width=799&amp;format=pjpg&amp;auto=webp&amp;s=bcc1f684a744bf5bf574320651991b536267931e

",2026-04-05T02:48:58Z
Do the etsy witches not work against Nashville 😞,2026-04-05T02:48:59Z
Not great but it is the worst lead in hockey. ,2026-04-05T02:49:02Z
Still 40 minutes to turn this around. Lots of hockey left to play.,2026-04-05T02:49:07Z
They’ve come back from worse,2026-04-05T02:49:15Z
"No no this is the pattern. We lose hope, starting focusing on the draft. THEN they come alive",2026-04-05T02:49:17Z
I’m hoping the boys relearn where the net is this period and that they shoot puck to net,2026-04-05T02:49:17Z
Sharks r so soft wish they would play aggressive ,2026-04-05T02:49:22Z
Bend don’t break ,2026-04-05T02:49:25Z
Someone better have a big locker room speech during this intermission. Sharks can’t play like that for the 2nd and 3rd.  ,2026-04-05T02:49:27Z
all this complaining about askarov makes me think some forgot the way nashville peeled ned apart last game. have we considered its not entirely the goalies fault when its happened twice now to 2 different people  ,2026-04-05T02:49:33Z
"2 powerplays 1 shot, 2 pks 2 GAs, 5 total shots, what a fucking disaster of a period. I want Warso gone just due to the fact he can't seem to have his guys ready for big games. Dude's getting carried by one player. ",2026-04-05T02:49:34Z
"I'm the biggest Smitty fan in the world. Guy is going to be a star, but I do hope he can work on skating more north/south this offseason. If he can incorporate that more into his game he will have a huge year next season. IMHO",2026-04-05T02:49:34Z
"Considering it took us the first 4 minutes of the period to get the puck past the neutral zone, I hope they come out flying in the 2nd period",2026-04-05T02:49:36Z
"""We need a save from Asky we need a save from Asky why can't he make a save"" what does 3 out of 12 mean to you people. Shut up. Why did the Sharks only take 5 shots in the first period. I'm here to have fun but Asky is my guy and the instant hating on him makes me mad lol ",2026-04-05T02:49:54Z
"REMINDER: Neddy got lit up too last time. Is Asky blameless? No. But I hesitate to say that he's a dogshit goalie, at least just from a game against Nashville.",2026-04-05T02:49:59Z
I’ll be pin pricking my Predator voodoo doll this intermission don’t worry yall,2026-04-05T02:50:03Z
"idk man, it’s so frustrating, everytime we’ll claw our way back to force an ultra important game and then get absolutely blown out in that huge game ",2026-04-05T02:50:18Z
"1st period summary: 3 shots Asky need to stop, particularly the 2nd goal but the 3rd one he needs to get better angles even with a nice shot from Stamkos, our neutral zone game is abysmal just letting them walk through into our zone and us not being able to get into theirs with control opf the puck, just stupid dumps or solo skates into 4 Preds. And finally dumbass passes when they should shoot like the semi breakway by Mack and Smith where Mack passes a low quality pass instead of just taking the shot.",2026-04-05T02:50:32Z
"Kinda figured they would come out tentative and make mental mistakes.  That's normal and expected for a young team.  Unfortunately their goalie could not make a key save, especially on that 2nd goal",2026-04-05T02:51:01Z
"![gif](giphy|kHU8W94VS329y)

Reaction to that period:",2026-04-05T02:51:07Z
Ngl Nashville is breaking up every play ,2026-04-05T02:51:23Z
"Some of y'all have memories like goldfish with regards to Asky and how he's saved our asses multiple times these last couple of weeks,",2026-04-05T02:51:30Z
it’s frustrating but I’m not giving up on the guys. Lots of hockey left and they’ve come back from worse. Hopefully the next 2 periods are better lol,2026-04-05T02:51:31Z
"I really don't like how Macklin is used on the pp.  He brings the puck in, dishes, and then takes up a high perimeter position.  He is the puck distributor.  He should be the shooter!  Look at fucking Stamkos.  He is the guy they get the puck to for the lethal shot.  Macklin has the best shot on the team.  He should be lurking WITHOUT the puck.",2026-04-05T02:51:42Z
I pet my dog for good luck,2026-04-05T02:51:53Z
"such a disappointing start but holy some of the reactions on this threat would lead you to think we're the avs losing to the canucks and have dropped ten in a row with all the ""seasons over"" talk",2026-04-05T02:51:57Z
"Defensive coverage is really lacking. Can't really blame Askarov on these. 

Team is just not ready for the playoffs yet and that's okay.",2026-04-05T02:51:57Z
Ayyyyy two GDT’s again good omen,2026-04-05T02:52:03Z
"It’s fair to say that the Sharks played terribly.

But those goals were savable. It doesn’t mean that Askarov is no longer the answer, but the criticism of his glove is a valid criticism.

It’s concerning because it keeps happening",2026-04-05T02:52:07Z
Rushed dinner and ended my night early to come watch the game and I come home to us down 3-0 🤣,2026-04-05T02:52:33Z
can we stop dooming our own team and being so brutally mean to every player…. as if we’re professional athletes lmaooo,2026-04-05T02:52:38Z
"Well, so far, it was not good. On the other hand, 2/3 goals were scored in our PK, and our PP wasn't exactly awful. 5 on 5 was pretty equal. There are still 40 minutes left, if they lock in, it can still be a very dramatic game. Probably not a regulation win, but there is still a good chance this will go into OT",2026-04-05T02:52:39Z
"Came over here for a break from the Giants game (currently at Oracle Park rn), but I guess the vibes are down here too 🙂‍↕️🙂‍↕️🙂‍↕️",2026-04-05T02:53:03Z
We have 2 more periods. I have faith,2026-04-05T02:53:06Z
"We play like this a lot in the first in big games, lots of hockey left to play ",2026-04-05T02:54:03Z
This might be my fault. We went to a BBQ joint and I went with the Nashville hot chicken sandwich over the brisket nachos. ,2026-04-05T02:54:03Z
where are our etsy witches?,2026-04-05T02:54:12Z
"these guys blew a 3 goal lead against the kings 2 nights ago, so we’ve got them right where we want them ",2026-04-05T02:54:40Z
I hate the sexual predators.,2026-04-05T02:54:47Z
"if this game is so important, why do we look like dog shit? :(",2026-04-05T02:54:50Z
"I post this every time there is a blow out:

Knee jerk reactions on the young players - spin the wheel.

https://preview.redd.it/id1pbycvdatg1.png?width=678&amp;format=png&amp;auto=webp&amp;s=8ed4ab8ba00096ee90b01cf9ba8a0edd91a9516d

",2026-04-05T02:55:01Z
"**Fine, I'll try to bring out the ""the thing"" again Sharks. You could've just asked ya know.** \*AHEM\* We are dogshit. Forget about winning. Fire everyone and restart the rebuild if ya know what I mean nudge nudge wink wink (; (; (;",2026-04-05T02:55:03Z
I believe this will go to OT at 3-3,2026-04-05T02:55:21Z
40 minutes left. I really think the boys were just a bit too juiced that period. Calm down and regroup for the second. ,2026-04-05T02:55:24Z
"Asky shouldn’t be the only one getting criticism, we can’t get any sustained offensive zone time, we’re being careless with passes and clearances, taking ridiculous penalties and allowing them to walk into our zone easily. Yes Asky should have realistically been in a better position for the 1st and 3rd goal and straight up should’ve had the second but when your whole team is playing like this you could have prime Hasek and still find yourself behind in this one 

Let’s claw it back and build some confidence in the second and get at least 2 back and then see what the 3rd has in store ",2026-04-05T02:55:43Z
"Warso's surviving kids, if any, are in hiding right now in an undisclosed location, sources tell me.",2026-04-05T02:56:05Z
https://preview.redd.it/tdu0wiw7eatg1.jpeg?width=1080&amp;format=pjpg&amp;auto=webp&amp;s=cce4abcbbb227ace2bc50cc6538b5b8690538dbc,2026-04-05T02:56:36Z
Considering everything I don’t think Asky is the problem considering we haven’t had him as a goalie since 2019,2026-04-05T02:56:43Z
Second period will let us know if this team can dig deep enough and find a way. If they can't score next period it looks dire in the third. ,2026-04-05T02:56:48Z
"We have the talent to make it interesting. Still feeling optimistic, or maybe the wine is hitting. Who knows, who cares :) 




Also fire Warso",2026-04-05T02:56:55Z
"May be down, but at least we’re not predators ",2026-04-05T02:57:23Z
"""this app is good or something I dunno just download it"" - Macklin",2026-04-05T02:57:24Z
I'm still team tank to grab one of top 5 defenseman.  Getting whooped by the Avs in rd 1 aint gonna fix our D and this is rushing the rebuild.,2026-04-05T02:57:48Z
[deleted],2026-04-05T02:58:00Z
You’ll never catch me blaming our goalies when our defence is this bad. Does asky let in some softies YES but most games like half the scoring chances the other teams get shouldn’t be happening in the first place ,2026-04-05T02:58:01Z
"Askarov gives up basically 4 goals a game. The team has to be perfect offensively to even have a chance. I'm not sure why we aren't riding with Ned.

Edit: I guess the ones downvoting don't want playoffs",2026-04-05T02:58:03Z
wenny my beloved &lt;3,2026-04-05T02:58:04Z
I don’t get how people are watching this game and blaming the goaltender and coach,2026-04-05T02:58:09Z
i needed to see wenny with puppies ,2026-04-05T02:58:11Z
At least I saw this amazing [LONGBEACHNATIVEMATTNIETO](https://i.imgur.com/GNBbnf1.jpeg) jersey at the game.,2026-04-05T02:58:22Z
wenny shouldn’t be allowed to have everything it’s infuriating,2026-04-05T02:58:34Z
Can't watch the Sharks. Can't watch the Giants. Maybe it's time for a gummy and LOTR.,2026-04-05T02:58:53Z
"Wenny is just a fantastic guy, the baby sharks have a lot of solid people to look up to right now",2026-04-05T02:59:00Z
Wennberg is a fucking class act,2026-04-05T02:59:15Z
Wennberg is so fucking cool man,2026-04-05T03:00:17Z
"Warso: ""Guys, when I said play loose, I didn't mean so loose you couldn't play the puck.""",2026-04-05T03:00:36Z
Love you Wenny but can you save some of the good stuff for the rest of us? No need to hog all of the class act stuff./j,2026-04-05T03:00:47Z
"It's time for the veterans to lead by example.

Nick Leddy hat trick incoming. ",2026-04-05T03:00:57Z
We got Celebrini'd by Filip Forsberg in the 1st.  Hope the coaches can get this team in line for the 2nd.,2026-04-05T03:01:31Z
ESPN including the Panthers in its playoffs commercial lol,2026-04-05T03:01:36Z
"and you know what, sharks are predators too so no matter what it's kinda a sharks win tonight",2026-04-05T03:01:42Z
"There's alot of hot takes about the goaltending Asky glove hand looks like a legit concern to me though.   

",2026-04-05T03:02:00Z
"One team came out like veterans fighting for playoffs

The other didn't 

That's the 1st. Not goaltending or coaching ",2026-04-05T03:02:01Z
Are they playing that West Virginia song at the tank,2026-04-05T03:02:25Z
Wennberg should change his last name to Wenngoat.,2026-04-05T03:02:31Z
"https://preview.redd.it/1xtaxoaafatg1.png?width=291&amp;format=png&amp;auto=webp&amp;s=03e2ef0e88a37278a38f7da4179d209ebb64913d

",2026-04-05T03:02:35Z
"Asky isn't perfect but this isn't all on him at all. does no one remember the last game, they shredded Ned",2026-04-05T03:02:50Z
"Lots of people complaining about people complaining, but let me just say, I lurked this sub during the last 2 seasons and it was much more dead (the pre-Celebrini draft season, holy). Of course the usuals were always talking, but frankly, not much variety to talk about with how bad the Sharks were. I spent more time reading about potential nhl prospects than sharks players. 

Just happy to see fans, new or old, be passionate again because they want to win and seeing this sub pop off especially when we are winning. The future is very teal. ",2026-04-05T03:03:31Z
Preds' defense was good. Sharks need to play at a much faster pace than usual. ,2026-04-05T03:03:44Z
HASHTAG PUCK MANAGEMENT,2026-04-05T03:03:47Z
https://preview.redd.it/ltua3f8ifatg1.jpeg?width=640&amp;format=pjpg&amp;auto=webp&amp;s=73eed76195c2d408303002546f81606617d57f93,2026-04-05T03:03:47Z
"""Get physical""

You're asking for too much from us",2026-04-05T03:04:07Z
" last time Ned in the net against the preds everyone was saying how asky could’ve done better, maybe our goalie isn’t the only problem lol",2026-04-05T03:04:22Z
OK TIME TO STOP SUCKING NOW,2026-04-05T03:04:27Z
Asky with the mask swap. Ready to lock in.,2026-04-05T03:04:37Z
"So far the 3 goals Asky let in had xG's of 0.03, 0.00 and 0.02 respectively. That is absolutely diabolical.",2026-04-05T03:04:38Z
"Ok boys, get your shit together! One goal! You can do it!!",2026-04-05T03:04:48Z
Asking the important questions. Do yall think the dancing guy is sharkie out of the suit?,2026-04-05T03:05:03Z
People blaming Asky for any of those goals are fucking delusional ,2026-04-05T03:05:10Z
Country road playing can't escape fuckass Charlie Cameron even in the nhl ,2026-04-05T03:05:24Z
You guys remember that time on April 4th 2026 when Macklin scored 5 goals to lead us to victory against the Preds? ,2026-04-05T03:05:54Z
"@ Will Smith, your best friend Gabe just got his first career hattrick, don’t let him show you up",2026-04-05T03:06:00Z
willy wonka 🍫,2026-04-05T03:06:03Z
"Will also good at slapping pe...oh wait, wrong Will Smith, sorry. Wait a sec...ah ,he's good at slapping PUCKS. Apologies.",2026-04-05T03:06:34Z
Alright everyone. Don’t suck anymore for the rest of the game.,2026-04-05T03:06:46Z
Will Smith doing Irish dancing as a kid is such a classic thing,2026-04-05T03:06:47Z
Was catching up on my goat Jokic having an epic night and came back to 3 goals against us????? Book that etsy witch,2026-04-05T03:07:10Z
TIL Orlov is on a 4 game assist streak.,2026-04-05T03:07:15Z
"Randy, knowing your luck, he's going to become the first immortal human and never retire.",2026-04-05T03:07:50Z
Asky switched his mask?,2026-04-05T03:07:56Z
"Honestly, they just forecheck and pressure so well the boys can’t handle it ",2026-04-05T03:08:00Z
Dark Asky is here,2026-04-05T03:08:05Z
https://preview.redd.it/7rtocc2agatg1.jpeg?width=640&amp;format=pjpg&amp;auto=webp&amp;s=c3599ee0496bfdd1e81e4d6bd6b555842d68befb,2026-04-05T03:08:07Z
hooray for our cleanest play,2026-04-05T03:08:45Z
"Oh, imagine that. They're talking about how important blocks are...interesting.",2026-04-05T03:08:56Z
WE MADE A PLAY WE MADE A PLAY!,2026-04-05T03:08:58Z
changed my user flair to asky to send him some good vibes 🫡 let’s go,2026-04-05T03:08:59Z
"Oh Will, you have to bury that. That’s in your wheelhouse ",2026-04-05T03:09:12Z
Asky switched to his angry mask,2026-04-05T03:09:27Z
damn that was a very smooth carry in through the neutral and O zone by....Leddy????,2026-04-05T03:09:28Z
We can no longer afford to not score on these slot shots. ,2026-04-05T03:09:36Z
look i get you gotta change something but why on earth is the first line getting blended first,2026-04-05T03:09:41Z
Maybe the boys should swap to the Cali Fin jerseys /s,2026-04-05T03:09:42Z
"I sacrificed my first child for a Canes win and got it. Then ""sacrificed"" my second child (she's a pain it wasn't hard) for a Sharks win and got it. I have two cats left. Dare I...?",2026-04-05T03:09:58Z
Guys please pass to the teal jerseys! Like the ones you're wearing y'know!,2026-04-05T03:10:40Z
"The current shots we have, except for like 1 or 2, are just Nashville feeling bad for us, right? I don't remember....",2026-04-05T03:10:45Z
Maybe if I play the Benny Hill theme over this it won't hurt so bad,2026-04-05T03:10:56Z
We're really inconsistent in calling interference today aren't we refs,2026-04-05T03:11:11Z
can someone tell me what mask asky was wearing and which one he changed to. not watching rn just listening to radio broadcast ,2026-04-05T03:11:17Z
what are these shots...,2026-04-05T03:11:39Z
I've never seen so many people fall down,2026-04-05T03:11:57Z
We just can't get a good slap ugh,2026-04-05T03:11:57Z
"We are outgunned  
  
Outmanned  
  
Outnumbered  
Outplanned  
  
We gotta make an all-out stand!",2026-04-05T03:12:07Z
sigh...,2026-04-05T03:12:18Z
finally some pressure,2026-04-05T03:12:26Z
so many fanned shots and passes this game ,2026-04-05T03:12:31Z
aaaalright who buttered their skates?,2026-04-05T03:12:34Z
That was the wrong line to hem them in because they accomplished absolutely nothing,2026-04-05T03:12:38Z
Good go see some sustained ozone possession ,2026-04-05T03:12:45Z
You know what at least we are spending time in the offensive zone this period ,2026-04-05T03:12:46Z
Theres like a brick tied to our sticks nobody can hit the damn puck right now,2026-04-05T03:12:49Z
well that was a nice shift,2026-04-05T03:13:06Z
Chillmack line save us.,2026-04-05T03:13:09Z
[ Removed by Reddit ],2026-04-05T03:13:12Z
https://preview.redd.it/7bzszqr7hatg1.jpeg?width=640&amp;format=pjpg&amp;auto=webp&amp;s=3889d1bc35e5c62e63f0755af6379e774456f036,2026-04-05T03:13:22Z
Orlov is always shooting and getting easily slapped down by the goalie lol....... Klingberg-esque tbh ,2026-04-05T03:13:22Z
Preds dead tired. Great puck movement. Get a change going. Orlov comes on and takes a super low percentage shot with no screen to let Nashville off the hook,2026-04-05T03:13:28Z
Saros is too damn good,2026-04-05T03:13:49Z
Have they tried doing some gay stuff? #pride ,2026-04-05T03:13:56Z
“that’s my macklin” 🥺,2026-04-05T03:13:59Z
"""That's my Macklin!"" haha thats so cute",2026-04-05T03:14:09Z
“That’s my Macklin” - Randy,2026-04-05T03:14:12Z
didn't score there but that was some good puck possession ,2026-04-05T03:14:14Z
Much more crisp East / West passing.  Seems to be working.,2026-04-05T03:14:22Z
It's really all about Saros,2026-04-05T03:14:27Z
Desharnais straight up bullying L'Hereaux 😂,2026-04-05T03:14:30Z
"Dat a boy Cherny, hit some people.",2026-04-05T03:14:34Z
I wish my parents loved me as much as drew and randy love Macklin ,2026-04-05T03:14:35Z
"A missed check causing you to headbutt the glass and then getting you a meeting with Vinny

at least I can chuckle at that ",2026-04-05T03:14:40Z
Can we at least share Macklin Randy?,2026-04-05T03:14:47Z
Just not executing ,2026-04-05T03:14:52Z
sharks are finishing their checks and getting some offense. much better than the 1st,2026-04-05T03:15:03Z
"Playing better, but is it too late?",2026-04-05T03:15:13Z
"100% Sharks will win their last game they play against the Predators, which will boot them from like a Top 5 pick haha",2026-04-05T03:15:15Z
"LOOK HOW MUCH BETTER WE PLAY WHEN WE GO OUT FOR REAL HITS

it drives me crazy that open the majority of our games so soft",2026-04-05T03:15:22Z
So many of the sharks are allergic to completing the checks,2026-04-05T03:15:27Z
"God, fuck the preds. 🙄",2026-04-05T03:15:48Z
bro...,2026-04-05T03:16:09Z
I really hope we re-sign Vinny D. Love how he plays the game and how he mentors Dickie and Muk. ,2026-04-05T03:16:20Z
[deleted],2026-04-05T03:16:22Z
Asky with the helmet change. Let's see what that does !!! ,2026-04-05T03:16:28Z
[deleted],2026-04-05T03:16:36Z
Come on Dickinson ,2026-04-05T03:16:37Z
its like their sticks are repelling pucks on passes.,2026-04-05T03:17:00Z
it's crazy because so many of these losses against vegas and nashville feel largely mental but there has been basically 100% roster turnover ,2026-04-05T03:17:16Z
"Looks like the boys are not gonna score tonight. Flat footed, no energy and low percentage muffin shots is stuff Saros will save all night long.",2026-04-05T03:17:20Z
At least one of my teams is winning (not you Sharks),2026-04-05T03:17:27Z
If I had a dollar for every time I heard “Shot by Leddy - it’s blocked!” how much money would I have ?,2026-04-05T03:17:30Z
Take a shot every time the Sharks d-corps turns the puck over when trying to break the puck out the zone.,2026-04-05T03:17:50Z
Downvote me until sharks score ,2026-04-05T03:17:50Z
Not over. Not even close to over,2026-04-05T03:18:09Z
The kids just can’t handle the puck. Except for Mack ,2026-04-05T03:18:20Z
im gonna go for a walk and see if maybe that fixes the vibes...,2026-04-05T03:18:34Z
I swear this team plays more decisively offensively 5 on 5 than on the PP,2026-04-05T03:18:54Z
"Guys I cracked the code, it's Easter so on the third period we will rise again ",2026-04-05T03:18:59Z
https://preview.redd.it/wxh1dog9iatg1.jpeg?width=1179&amp;format=pjpg&amp;auto=webp&amp;s=4f5e15f5f68ca325cae9686b5ccbf0bfbd509cee,2026-04-05T03:19:14Z
"Honestly, I get it's still no goals for us, but they've been looking much, much, MUCH better this period and there's still 30 minutes of hockey left.",2026-04-05T03:19:21Z
https://preview.redd.it/0e7kb67diatg1.jpeg?width=1080&amp;format=pjpg&amp;auto=webp&amp;s=a61be7fcf9b653ce0eb18009beb1fe5f509c3b92,2026-04-05T03:19:49Z
We need rage. Someone has to be sacrificed for a comeback this big,2026-04-05T03:20:09Z
 I just want them to shoot the puck🫩,2026-04-05T03:20:23Z
good shit asky,2026-04-05T03:20:54Z
askarov just saved the sharks from their bad D again,2026-04-05T03:20:58Z
Asky. I’ve let in 3…don’t worry no more. I’m stopping everything,2026-04-05T03:21:18Z
At the end of the day Nashville is still some shit ass city in fucking Tennessee soooo,2026-04-05T03:21:28Z
oooof.  That aint a good look on Muk,2026-04-05T03:21:29Z
That's my boy!!!!!! Askyyyyy 🥰,2026-04-05T03:21:35Z
there we go asky! that’s for all the glove hand comments!,2026-04-05T03:21:38Z
Good saves. Let’s go askyyyy,2026-04-05T03:21:40Z
Terrible period again,2026-04-05T03:21:58Z
Sherwood can really cook it down the ice,2026-04-05T03:21:59Z
asky's pads give him those disney knees,2026-04-05T03:22:11Z
"He went back to his normal helmet. Asky, what the heck ?!? LOL",2026-04-05T03:22:18Z
Can we please just get one (1) goal please? 🙏 ,2026-04-05T03:22:21Z
2 huge saves.   You havent seen one chance given up like that by Nashville.  One of the worst d teams in Sharks history.  They are pathetic ,2026-04-05T03:22:35Z
Orlov can’t do anything right. My goodness ,2026-04-05T03:22:38Z
If we're at the point of asking for absurd shit can Toff score a Michigan ,2026-04-05T03:23:17Z
Luvin' Sherwood's energy,2026-04-05T03:23:32Z
spare sharks goal to get us going? anyone?!!!,2026-04-05T03:23:41Z
Sherwood’s ability to just launch himself at guys like a rocket is so fun to watch man lol,2026-04-05T03:23:42Z
Love watching Wenny work circles around  everyone,2026-04-05T03:23:58Z
Saros is a wall damnit,2026-04-05T03:24:04Z
Just need to get one past him,2026-04-05T03:24:12Z
Why are we so soft (except Sherwood),2026-04-05T03:24:16Z
Sherwood is a beast ,2026-04-05T03:24:17Z
Top 2 lines are generating chances at least. ,2026-04-05T03:24:21Z
Why on earth did Smith skate to the boards instead of to the net there?,2026-04-05T03:24:32Z
would roman josi like to be part of a future that is teal because boy do i have the team for him,2026-04-05T03:24:41Z
Hmmmmm I wish someone could follow Celly so they could stop showing down great plays 😔,2026-04-05T03:24:45Z
https://preview.redd.it/jtbuboyajatg1.jpeg?width=1079&amp;format=pjpg&amp;auto=webp&amp;s=02c9027da8294cefc38d8f5e9ee4e6cd5b3b87a4,2026-04-05T03:25:05Z
Just gotta finish checks and shoot pucks ,2026-04-05T03:25:07Z
Momentum feels like it’s in our favor. Just need to sink a few into the back of the net,2026-04-05T03:25:09Z
"We can’t buy a goal tonight, boys",2026-04-05T03:25:22Z
Been a much better second.  Need one ,2026-04-05T03:25:57Z
Love Sherwoods game so much,2026-04-05T03:26:30Z
"Better defensive play this period. Limiting their chances much better than the first. Granted Preds are playing a little safer now with a 3 goal lead but still.

Need at least one here to give themselves a jump going into the break and give themselves a real shot in the 3rd.",2026-04-05T03:26:36Z
Sherwood I love you ,2026-04-05T03:26:49Z
Guys we do be cursed ,2026-04-05T03:26:51Z
We'll get a goal here and then tie it up in the Shrockey 3rd Period,2026-04-05T03:27:01Z
"love to see the hits. just, please, shoot the puck - early and often. ",2026-04-05T03:27:09Z
Just need a good bounce or two,2026-04-05T03:27:09Z
ruh roh ,2026-04-05T03:27:10Z
not macklins dad jus on his phone lol ,2026-04-05T03:27:15Z
Grandpa Josi it's time for bed ,2026-04-05T03:27:30Z
Get ready for a fuck ass matching penalties call,2026-04-05T03:27:32Z
Ayo?,2026-04-05T03:27:39Z
WHERES THE WEEZER MEME,2026-04-05T03:27:40Z
"https://preview.redd.it/oj92x9htjatg1.jpeg?width=3000&amp;format=pjpg&amp;auto=webp&amp;s=ed1af15c8e5436184a242dde4d52e513991efe54

Drank one of these guys for good luck. Pls Sharks.

Edit: It's a michelada with shrimp, orange slice, cucumber and jícama with various spicy sauces.",2026-04-05T03:27:58Z
Where do you find defenders that can take pucks off an attacking player?,2026-04-05T03:28:01Z
"You know what, sure. If that can give the sharks some momentum then fight it out a little. ",2026-04-05T03:28:13Z
I think we should clone Sherwood so we can have an extra Sherwood,2026-04-05T03:28:26Z
Zip it is funny ,2026-04-05T03:28:28Z
Preds have one of the ugliest jerseys in the league.,2026-04-05T03:28:28Z
"Sharks beat the Leafs 4-1 on Thursday, but the offense hasn’t really been there since early in the 2nd period of that game. ",2026-04-05T03:28:38Z
"""Telling the bench to zip it""

Like they're a bunch of children lmao",2026-04-05T03:28:55Z
C'mon guys. Just get one by the end of this period,2026-04-05T03:29:29Z
"forsberg seems like a chill dude that was funny


rest of em can get fucked tho",2026-04-05T03:29:46Z
"Only one team is playing hockey tn, idk wtf the sharks are doing",2026-04-05T03:29:53Z
https://preview.redd.it/153e96h6katg1.jpeg?width=800&amp;format=pjpg&amp;auto=webp&amp;s=06965830f3cf694a659fbe62a29e15b7a840610f,2026-04-05T03:29:59Z
"I watched the man's entire career, and I never realized Steve Nash went to SCU. Don't know how that slipped through the cracks of my brain, but it did.",2026-04-05T03:30:26Z
Even Asky starting to get physical.,2026-04-05T03:30:34Z
darn i was hoping it was tussle time,2026-04-05T03:30:40Z
Asky giving a little push too,2026-04-05T03:30:59Z
Sharks are 2nd to tons of pucks tonight ,2026-04-05T03:31:07Z
this fourth line wants all the smoke tonight,2026-04-05T03:31:16Z
Vinny D is the fuckin man,2026-04-05T03:31:24Z
"I just want one, man",2026-04-05T03:32:16Z
keep going cherny 😭,2026-04-05T03:32:19Z
i love o'reilly but if he's going to skate in from the fucking blue line trying to protect a rat then he deserves to get popped on the head a couple times,2026-04-05T03:32:23Z
I really fucking hope we re sign Vinny D. He's only gotten better and better and he's fuckin money on the Pk. ,2026-04-05T03:32:27Z
Cherny on Misa's line now,2026-04-05T03:32:29Z
Forsberg is always so fun to watch—he should come to SJ and help us win the c*p,2026-04-05T03:32:49Z
"Fuck, can't we get *any* bounces?",2026-04-05T03:32:51Z
Wild that nothing has actually gone into the net yet so far. Just how? ,2026-04-05T03:32:58Z
Ok boys if you dont have a comeback then Mack is going to be so sad and blame himself DO YOU WANT THAT???,2026-04-05T03:33:13Z
Defense is going to get us swept if we do make it so I dont know how I feel about getting in.  ,2026-04-05T03:33:23Z
I feel defeated (we’re still in it either way),2026-04-05T03:33:33Z
Don't think the first line needed a shakeup but if it leads to some goals fine.,2026-04-05T03:33:36Z
just fucking drop lheuroux and be done with it,2026-04-05T03:34:00Z
Warso mixing lines again 😭,2026-04-05T03:34:05Z
L’Heureux needs his ass beat before this one is over,2026-04-05T03:34:07Z
"""He looks taller"" 💀",2026-04-05T03:34:12Z
grillmack is back???,2026-04-05T03:34:23Z
We'll get some of those to land. Lets go,2026-04-05T03:34:30Z
"take care of 68 right fucking now while there's still time to kill the penalty and score enough goals 

putting this off only helps the predators

edit: ok, score one on the pp and then do it

edit edit: god dammit will",2026-04-05T03:34:54Z
Time to triple shift Celebrini,2026-04-05T03:35:22Z
Can they fucking score on PP?,2026-04-05T03:35:23Z
Must score on this PP!,2026-04-05T03:35:26Z
https://preview.redd.it/brwqh5q5latg1.jpeg?width=960&amp;format=pjpg&amp;auto=webp&amp;s=4bcfe3a7d286533b12e4dbcc363a8a6189b86c24,2026-04-05T03:35:28Z
really lucky not to get a slashing penalty there,2026-04-05T03:35:28Z
nashville lowkey annoying ,2026-04-05T03:35:32Z
Embarrassing man,2026-04-05T03:35:33Z
https://preview.redd.it/spmnki66latg1.jpeg?width=3024&amp;format=pjpg&amp;auto=webp&amp;s=02daf073c93dc57d7dbd927cb6da26ecfafe11e4,2026-04-05T03:35:34Z
MAD MACK COME THROUGH ,2026-04-05T03:35:39Z
doesn't look quite as dire,2026-04-05T03:35:42Z
a goal here would be much appreciated ,2026-04-05T03:35:43Z
at least Randy hasn't called Sherwood a former predator this time,2026-04-05T03:35:44Z
Badly need this one ,2026-04-05T03:35:46Z
Must score PP here,2026-04-05T03:35:47Z
I know they’re beating us but Christ Nashville is the softest team. Taking shots after the whistle and being ratty than denying fights and complaining after every scrum and hit. Players fitting of the name predator thats for sure ,2026-04-05T03:36:00Z
We wanna have this PP if we still wanna have a chance.,2026-04-05T03:36:02Z
Why did they swapped Cherny and Graffer?,2026-04-05T03:36:14Z
Can that person get back in the shower or go take one,2026-04-05T03:36:23Z
"Just one goal would be awesome, guys.",2026-04-05T03:36:32Z
I’ll always say it. As a jags fan too I fucking hate Nashville and Tennessee ,2026-04-05T03:36:44Z
"The 2nd period wasn't bad, but that's kinda worthless if you don't score a goal. If they make it a two goal game now, I can see them tying it up in the third",2026-04-05T03:36:52Z
Can we please start shooting right away in this PP?  The passing for the first minute isn’t working…,2026-04-05T03:36:58Z
Gotta put more effort than that will. wtf was that ,2026-04-05T03:37:44Z
Bruh.,2026-04-05T03:37:54Z
wtf???,2026-04-05T03:37:58Z
jesus what is that call,2026-04-05T03:37:59Z
Oh shit!! Sam Tageson sighting! 🙌🏽,2026-04-05T03:38:01Z
What the hell haha,2026-04-05T03:38:03Z
dude ????,2026-04-05T03:38:07Z
LFG TURNSTILE,2026-04-05T03:38:09Z
SMITTY,2026-04-05T03:38:11Z
LMAO?,2026-04-05T03:38:11Z
Refs does it look like Nashville needs your help?,2026-04-05T03:38:15Z
Bullshit,2026-04-05T03:38:16Z
"that had to be a makeup call for the missed slashing, ugh and smith FINALLY went in for the forecheck I was so stoked",2026-04-05T03:38:18Z
Aw Smitty ,2026-04-05T03:38:19Z
Yeah we beating ourselves here no other way to put it ,2026-04-05T03:38:19Z
Three *horrific* calls against us. Fuck.,2026-04-05T03:38:20Z
https://preview.redd.it/818blq2olatg1.jpeg?width=1079&amp;format=pjpg&amp;auto=webp&amp;s=3dd0dc88021f845a1666209be772febd373dfdfb,2026-04-05T03:38:22Z
"If we’re gonna lose can we at least make the game interesting, like everyone on the ice getting a penalty",2026-04-05T03:38:26Z
Bruh how do we have less momentum on the PP than 5 on 5 ,2026-04-05T03:38:27Z
"Will should have been swapped with Graf, not Cherny",2026-04-05T03:38:30Z
Oh boy. This was short lived. ,2026-04-05T03:38:35Z
Soft. ,2026-04-05T03:38:40Z
Weak call,2026-04-05T03:38:43Z
Will Smith fucking sucks tonight ,2026-04-05T03:38:43Z
Fuck this game ,2026-04-05T03:38:48Z
Second time on the pp commit a bad penalty and that ends that.   ,2026-04-05T03:38:48Z
This team is so undisciplined today ,2026-04-05T03:38:54Z
haven't seen our boys so pissed at a team in a while,2026-04-05T03:38:55Z
Can't seem to get out of their own way. ,2026-04-05T03:38:57Z
you guys the refs are paid wtf is this ,2026-04-05T03:39:03Z
I can’t believe William Charles Patrick Smith is getting a penalty for something he did and not for something someone else did,2026-04-05T03:39:05Z
That might be the pussiest slashing call I’ve ever seen ,2026-04-05T03:39:06Z
"Bleed It Out?? Good LP pull, dj &lt;3 ",2026-04-05T03:39:08Z
Can’t tell you the last time Smitty served his own penalty,2026-04-05T03:39:14Z
Oh my fucking god,2026-04-05T03:39:32Z
Soft ass call tf,2026-04-05T03:39:35Z
Will is having one of those games where Warso mysteriously benching him wouldn’t be hard to explain; it’s hard to watch ,2026-04-05T03:39:36Z
This has not been an enjoyable experience this evening. ,2026-04-05T03:39:39Z
Notorious goon Will Smith,2026-04-05T03:39:47Z
This team doesnt want to win lmao. ,2026-04-05T03:39:55Z
saros is insane ,2026-04-05T03:39:57Z
"TL; DR; *Move on good people. This is merely a cathartic whinging reflexive verbal grunt.*

Askarov isn't a #1.

Not yet.

And it's not fair to fans OR the team itself that anyone not named Alex Nedeljkovic started this game for the Sharks-

**WE HAVE PLAYOFF TICKETS DAMN IT!!!.**

The other team doesn't care how loved Asky is.

The score doesn't give a flying \*\*\*\* that many prognosticate Askarov to one day be a goalie on par with the best.

He's not the best goalie on this team RIGHT THE \*\*\*\* NOW!

/rant

Yeah. Downvoted. Screw you assholes, it's a valid take.",2026-04-05T03:39:59Z
thats some good play.,2026-04-05T03:40:01Z
"This is the most unimaginative PP possible. 

The most predictable PP",2026-04-05T03:40:02Z
Saros ain't letting in shit tonight ,2026-04-05T03:40:05Z
Such a freaking good chance there ,2026-04-05T03:40:07Z
saros is on one tonight,2026-04-05T03:40:19Z
pure garbage of a call.,2026-04-05T03:40:30Z
Macklin is just such next level.  ,2026-04-05T03:40:31Z
Nick fucking Leddy ,2026-04-05T03:40:45Z
oh my god finally 😭😭😭😭😭 TWO MORE TO GO,2026-04-05T03:40:54Z
LEDDY GOAL??????,2026-04-05T03:40:56Z
what a fkn pass!,2026-04-05T03:40:58Z
Omg leddy goal wtf wyf,2026-04-05T03:40:59Z
NICK LEDDY I LOVE YOU,2026-04-05T03:41:00Z
E X P E R I E N C E   S H A R K S   H O C K E Y ,2026-04-05T03:41:02Z
NICK LEDDY HOCKEY GOD BEATS SOFT SAROS,2026-04-05T03:41:02Z
NICK LEDDY!!!!!!!!!!!!!,2026-04-05T03:41:03Z
LICK NEDDY ????,2026-04-05T03:41:03Z
LEDDY WITH THE GOAL!!!!,2026-04-05T03:41:03Z
Finally!!!!,2026-04-05T03:41:04Z
LEDDDDYYYYY,2026-04-05T03:41:04Z
Nick fucking leddy!,2026-04-05T03:41:05Z
SHARKS LEGEND NICK LEDDY!!!,2026-04-05T03:41:07Z
Just the player everybody expected to score lo,2026-04-05T03:41:08Z
NICK LEDDY,2026-04-05T03:41:08Z
LEDDY THE GOAT ,2026-04-05T03:41:10Z
Nicholas Ledicus doing what be was picked up for…scoring goals?,2026-04-05T03:41:10Z
NICK LEDDY??????????,2026-04-05T03:41:14Z
Leddy Legacy Game,2026-04-05T03:41:14Z
LEDADDYYYYYYYY!!!!!,2026-04-05T03:41:15Z
WE DID A THING 🚨🚨🚨,2026-04-05T03:41:15Z
omg Leddy,2026-04-05T03:41:16Z
thank you leddy oh my god ,2026-04-05T03:41:16Z
LEDDY IS ELITE!!!!!,2026-04-05T03:41:16Z
Bruh wtf happened to Leddy (complimentary) ,2026-04-05T03:41:18Z
NICK LEDDY BROKE THE SHUTOUT! WHAT THE HELL IS GOING ON,2026-04-05T03:41:18Z
EKKY YOU BEAUTY YOU ABSOLUTE BEAUTY,2026-04-05T03:41:18Z
https://preview.redd.it/0f7tzrr6matg1.jpeg?width=3024&amp;format=pjpg&amp;auto=webp&amp;s=7bee693a427175a4bc6343caf87fe2707ad822ce,2026-04-05T03:41:18Z
Wow Leddy MVP so far I guess,2026-04-05T03:41:19Z
LEDDY??,2026-04-05T03:41:21Z
LEDDYYYY ,2026-04-05T03:41:21Z
Yo we gotta win now,2026-04-05T03:41:21Z
#LICK NEDDY,2026-04-05T03:41:22Z
WHO SAID LEDDY WAS GONNA GET THE HATTY,2026-04-05T03:41:23Z
BIG DICK NICK!!!,2026-04-05T03:41:23Z
"https://i.redd.it/8jv1gxk7matg1.gif

",2026-04-05T03:41:23Z
I think I owe Leddy an apology ,2026-04-05T03:41:23Z
LEDDY I NEVER DOUBTED YOU AND CONGRATS ON YOUR FIRST GOAL AS A SAN JOSE SHARK 🦈🦈,2026-04-05T03:41:24Z
WEDDY,2026-04-05T03:41:25Z
LETS FUCKING GOOOOO,2026-04-05T03:41:25Z
LEDDY THE GOAT!,2026-04-05T03:41:26Z
LEDDY !!!!!!!!   YEAH WE ALL SAW THAT COMING LOL,2026-04-05T03:41:26Z
big brain Leddy. if no one is in front of you they cant block your shot,2026-04-05T03:41:29Z
"NICK MF LEDDY GESDED FOR THE NORRIS

![gif](giphy|L1RDv7eu7FtOhiudYd)",2026-04-05T03:41:29Z
NICK “CALE MAKR” LEDDY,2026-04-05T03:41:30Z
leddy we have all always loved you and never said anything negative,2026-04-05T03:41:31Z
THAT’S STANLEY CUP CHAMPION LEDDY TO YOU,2026-04-05T03:41:31Z
JUST AS WE ALL SUSPECTED,2026-04-05T03:41:32Z
leddy ive always liked you and i have never ever ever said a single bad thing about you!!!!! LETS FUCKING GO,2026-04-05T03:41:32Z
"https://preview.redd.it/8txwa4w8matg1.jpeg?width=1180&amp;format=pjpg&amp;auto=webp&amp;s=a85216c2f78be9b7e2f93030b4f2e91053b640a6

AND WE'RE BACK",2026-04-05T03:41:34Z
"Nick Leddy haters been real quiet lately. (Me, I've been quiet.)",2026-04-05T03:41:37Z
Leddy jumping over the Nashville player right after his goal loll,2026-04-05T03:41:37Z
Leddy is cinema ,2026-04-05T03:41:38Z
"LEDDY! Leddy? Yeah, Leddy!",2026-04-05T03:41:38Z
Beautiful forecheck by the Swede duo and snipe by Leds,2026-04-05T03:41:38Z
That was awesome. Wenny and Ekky straight dogs on the forecheck,2026-04-05T03:41:38Z
Even a blind squirrel finds a nut once in a while,2026-04-05T03:41:40Z
what a play by eklund!!,2026-04-05T03:41:41Z
That should count as 4 goals honestly.,2026-04-05T03:41:41Z
LEDDY!!!!! I TAKE IT ALL BACK!!! (For this game),2026-04-05T03:41:44Z
What a fuckin PASS from Eklund too!!,2026-04-05T03:41:44Z
"Trade Eklund

https://preview.redd.it/pyd9oxw9matg1.jpeg?width=640&amp;format=pjpg&amp;auto=webp&amp;s=fb5363dcd088e7dbdf70b7cbbb0877abd4dd102c

",2026-04-05T03:41:46Z
"LEDDDDDDY!!

![gif](giphy|5VKbvrjxpVJCM|downsized)",2026-04-05T03:41:49Z
SCORED BY OUR GOAT LICK NEDDY,2026-04-05T03:41:49Z
dude I don't know what happened but nick leddy is suddenly a kinda good player,2026-04-05T03:41:50Z
Finally capitalize on a chance tonight and it’s…*checks notes* Nick Leddy,2026-04-05T03:41:50Z
A Leddy goal? In this economy?,2026-04-05T03:41:52Z
ANYTHING IS POSSIBLE FROM THIS POINT ON SINCE LEDDY SCORED!!!! ,2026-04-05T03:41:54Z
"YAY LEDDY GO LEDDY



",2026-04-05T03:41:55Z
"Leddy has been really good lately.

Credit where credit is due ",2026-04-05T03:41:55Z
never doubted him!!!! I knew it was fucking coming ,2026-04-05T03:42:00Z
ELITE SNIPER NICK LEDDY,2026-04-05T03:42:00Z
That was insane actually,2026-04-05T03:42:01Z
known sniper Nick Leddy,2026-04-05T03:42:02Z
"Ah Leddy, the sleeper agent",2026-04-05T03:42:03Z
"People wanting Smith to hustle more and put more into his game than passing, he tries and makes a mistake and then people be condemning him…",2026-04-05T03:42:05Z
LEDDY!!!! 👏👏 just as we all predicted 😂,2026-04-05T03:42:06Z
"Great plaay from Eklund, that's what we've been wanting to see!",2026-04-05T03:42:06Z
HOLY SHIT BOBBY ORR LEDDY LFG,2026-04-05T03:42:06Z
Leddy!!!!!! U freaking dog,2026-04-05T03:42:06Z
leddy i never hated on you once 🙏🙏,2026-04-05T03:42:10Z
Leddy to Forward,2026-04-05T03:42:11Z
"THATS ONE

![gif](giphy|J00PEZypY5JtyidgOI)",2026-04-05T03:42:11Z
Now please get 2nd before the period ends,2026-04-05T03:42:13Z
OK after that momentum HAS to be on our side right??!?,2026-04-05T03:42:15Z
NICK FKN LEDDY!!! Lololll let’s gooooo,2026-04-05T03:42:16Z
Gotta give Leddy some props on that snipe!,2026-04-05T03:42:16Z
THEY DONT ASK WHEN THEY ASK WHEN MORE!!! NICK LEDDY WITH HIS FIRST 🤣 ,2026-04-05T03:42:16Z
"As I said.

Nick Leddy hat trick incoming. 

",2026-04-05T03:42:26Z
"Called the 2nd period goal, GZ Leddy",2026-04-05T03:42:26Z
HOLY FUCK WE’RE BACK,2026-04-05T03:42:29Z
Eky with an insane pass leading to a goal that got the Sharks back in it from the stick of… *Nick Leddy*? Experience Sharks hockey!,2026-04-05T03:42:40Z
"""Leddy me put this in the net.""

...I'll show myself out.",2026-04-05T03:42:47Z
beautiful pass by ekky,2026-04-05T03:42:48Z
A LEDDY GOAL??!?!,2026-04-05T03:42:52Z
Welcome home from Jail William Charles Patrick Smith,2026-04-05T03:42:54Z
Great forecheck started by Wenny and credit to Eklund after being invisible for most of this game he came out with a great pass there and Leddy of all people gets us back in it. It wasn’t a high bar but Leddy’s play has been better as this season winds down ,2026-04-05T03:43:01Z
Leddy. I promise I won't talk shit about you for the next 24 hours. you earned the reprieve. Let's go!,2026-04-05T03:43:02Z
Can we call that Leddy’s best shift of the season?,2026-04-05T03:43:04Z
"https://preview.redd.it/ckbqt67hmatg1.jpeg?width=1059&amp;format=pjpg&amp;auto=webp&amp;s=1213a4978b0640a6cff0a6c432d92a6586050bbd

Nick leddy goal",2026-04-05T03:43:05Z
NICK LEDDY?? i'm hella weak lmfao let's go,2026-04-05T03:43:15Z
NOOOOO I WENT TO PEE AND I MISSED THE GOAL. EDIT: WHY IS EVERYONE SO FUNNY THESE COMMENTS ARE CRACKING ME UP,2026-04-05T03:43:18Z
I’ve never doubted leddy once! (I’ve doubted leddy a lot),2026-04-05T03:43:20Z
What a pass! Needed a Goal for momentum going into 3rd. Still a chance. ,2026-04-05T03:43:21Z
Is Smith okay? He’s been so off today it’s insane,2026-04-05T03:43:22Z
Asky is so feral.  That's a good thing.,2026-04-05T03:43:24Z
Nick Leddy aka American Sniper ,2026-04-05T03:43:36Z
I look away for literally 30 seconds and we get a leddy goal are you kidding lol ,2026-04-05T03:43:38Z
Ouch ,2026-04-05T03:44:01Z
i hate these refs,2026-04-05T03:44:01Z
BEAUTIFUL pass by Eky and incredible shot by Leddy. LFG BOYS,2026-04-05T03:44:02Z
This year's Bill Masterton Trophy nominee is this sub in recognition of our unwavering support and positivity about the great Nick Leddy.,2026-04-05T03:44:08Z
ICING???,2026-04-05T03:44:14Z
I'm feeling another before the period ends! ,2026-04-05T03:44:14Z
I BELIEVE,2026-04-05T03:44:18Z
"""The goal scorer Leddy""

![gif](giphy|g2yPAXUeA0Cz8ZLlgt)",2026-04-05T03:44:25Z
ASKYYYYYY,2026-04-05T03:44:29Z
#CUDA CLINCHED PLAYOFFS,2026-04-05T03:44:31Z
"there we go asky, glove looked good there",2026-04-05T03:44:34Z
asky's little nod lol iktr,2026-04-05T03:44:36Z
BABY BOY LOCKED IN &lt;33333 ,2026-04-05T03:45:02Z
Dark Asky activated ,2026-04-05T03:45:05Z
jeez that glove hand looks sooo awful,2026-04-05T03:45:16Z
Asky with a glove save for the haters ,2026-04-05T03:45:23Z
"Figures that right after I turned the tv off so I could go watch it in bed they scored. My bad, I’ll leave it off now",2026-04-05T03:45:32Z
Wenny is a BEAST defensively,2026-04-05T03:45:46Z
"Switched to SNL, but following the box score. LEDDY?!?! With an assist from Eklund?!?! Need to see that highlight.",2026-04-05T03:46:00Z
Asky spent the entire intermission soaking his glove hand in Michael's Secret Stuff,2026-04-05T03:46:16Z
"Come on Wenn, don't make that move there get it in first",2026-04-05T03:46:20Z
Can #68 chill,2026-04-05T03:46:28Z
"love going east west before crossing the blue line, doesn’t even give him a chance",2026-04-05T03:46:52Z
omg ekky,2026-04-05T03:47:10Z
Enforcer Eky activated,2026-04-05T03:47:13Z
YES EKY,2026-04-05T03:47:14Z
EKY FIGHT,2026-04-05T03:47:15Z
EKLUND????? OUR SWEET BOY??/,2026-04-05T03:47:16Z
Ekky backing up Mack love it ,2026-04-05T03:47:16Z
Sherwood looks like an absolute demon out there this game haha,2026-04-05T03:47:21Z
eklund never backs down. fuck stamkos,2026-04-05T03:47:26Z
enforcer ekky at it again ,2026-04-05T03:47:26Z
The way Eky just started wildly swinging at whoever he could get at for touching Macklin. I love this team.,2026-04-05T03:47:27Z
Eklund is a wild boi😂,2026-04-05T03:47:31Z
![gif](giphy|DVYoevVuaELok),2026-04-05T03:47:35Z
that extra shot should be a double minor,2026-04-05T03:47:40Z
KEEP YOUR HANDS TO YOURSELF,2026-04-05T03:47:44Z
I desire something entertaining everyone should decide to fight except for William Charles Patrick Smith Hockey,2026-04-05T03:47:45Z
Ekky with the fisticuffs! ,2026-04-05T03:47:48Z
Love scrappy Eky!!,2026-04-05T03:47:58Z
"![gif](giphy|qoVSILy2PjjUglEXPP|downsized)

Hell yeah Ekky",2026-04-05T03:48:01Z
"atta babe eky, love that",2026-04-05T03:48:07Z
Love the energy from ekky ,2026-04-05T03:48:12Z
Stamkos took him down but he's bleeding Eklund isn't. I'm giving the win to Eky!,2026-04-05T03:48:15Z
Reavo gonna be waiting for stamkos after the game,2026-04-05T03:48:18Z
If Nick Leddy can score in the NHL there is nothing stopping from asking that girl out,2026-04-05T03:48:22Z
any lip readers in the house?,2026-04-05T03:48:37Z
"Stamkos gets an extra punch and it’s 4 on 4.

Ridiculous ",2026-04-05T03:48:40Z
eky? to jail? our angel eky? that can't be right,2026-04-05T03:48:41Z
"I love the fight being shown, so tired of watching our guys get pushed around",2026-04-05T03:48:59Z
Stamkos is a B.,2026-04-05T03:49:21Z
"I was gonna say, that’s gotta be a minor on Stamkos, dude practically went over there to start shit lmao",2026-04-05T03:49:29Z
"goal came 4v4, may as well take as many of them as we can",2026-04-05T03:49:30Z
WE ARE SOOOOOOO BACK ,2026-04-05T03:49:33Z
Celebrini magic baby ,2026-04-05T03:49:35Z
https://preview.redd.it/oub6x1jonatg1.jpeg?width=1080&amp;format=pjpg&amp;auto=webp&amp;s=c4e7df61e6e0dba86772471fc8e6fd654aba9ef2,2026-04-05T03:49:37Z
WE ARE SO BACK,2026-04-05T03:49:41Z
MACKKKKKKK BABYYYY,2026-04-05T03:49:41Z
LETS GOOOOO,2026-04-05T03:49:42Z
https://preview.redd.it/4lfq8japnatg1.jpeg?width=1080&amp;format=pjpg&amp;auto=webp&amp;s=975169c76f9950fdf7d4206598b4eab01b83373e,2026-04-05T03:49:43Z
wweeaaaazooooo,2026-04-05T03:49:45Z
Nick leddy changed the game ,2026-04-05T03:49:45Z
fuck graf and celebrini ARE SO GOOOD,2026-04-05T03:49:47Z
THANK YOU CELE 😭😭🙏🏻🙏🏻🩵🩵🩵🩵🩵,2026-04-05T03:49:48Z
FUCKKKKK YESSSSS LETS GOOOOOOO,2026-04-05T03:49:48Z
"Feels good, man",2026-04-05T03:49:49Z
Hell yeah important goal,2026-04-05T03:49:50Z
"Cant give Mack that opportunity, fuck yeah",2026-04-05T03:49:50Z
LETSSSS GOOOOOOOOOOO,2026-04-05T03:49:50Z
"![gif](giphy|J9kuUE9DosPeuAvGwU)

LETS FUCKING GOOOO",2026-04-05T03:49:51Z
Holyyyy,2026-04-05T03:49:51Z
YUGE,2026-04-05T03:49:51Z
LFGGGG ✨✨🦈✨✨,2026-04-05T03:49:52Z
Macky Boy!!!,2026-04-05T03:49:52Z
MACKLIN CELEBRINI THE MAN THAT YOU ARE,2026-04-05T03:49:52Z
YEAHHHHH,2026-04-05T03:49:54Z
BEAUTIFUL,2026-04-05T03:49:55Z
YAAAAAAAAAAAAAAA!!!!!!!!!!!!!!,2026-04-05T03:49:57Z
macklin is on a misson,2026-04-05T03:49:58Z
"https://preview.redd.it/k1frxydrnatg1.jpeg?width=720&amp;format=pjpg&amp;auto=webp&amp;s=4fcdb959d92576af64c48d9d9857a1e5aa52920a

EXACTLYYYYYY",2026-04-05T03:50:03Z
MACKLIN!!!!!!!!! ,2026-04-05T03:50:04Z
LFG GRILLMACKKKK WE ARE SOOO BACK,2026-04-05T03:50:06Z
HELL FUCKING YEAHHHHHHH,2026-04-05T03:50:06Z
https://preview.redd.it/e3tu4slrnatg1.jpeg?width=1763&amp;format=pjpg&amp;auto=webp&amp;s=6d14c600b5dffefb23d9b4611fe29345c419ee05,2026-04-05T03:50:06Z
Well raise my rent.,2026-04-05T03:50:08Z
WHAT A PASS GRAF ,2026-04-05T03:50:08Z
LETS FUCKING GOIKOOI,2026-04-05T03:50:09Z
I’m sorry I doubted you Sharks ,2026-04-05T03:50:09Z
SHARKIES NEVER SAY DIEEEEE,2026-04-05T03:50:12Z
TOLD YALL TO HAVE FAITH,2026-04-05T03:50:12Z
MACKLIN !!!!!!!!!   LETS FUCKING GO ,2026-04-05T03:50:13Z
AAAAAA!!!!!!!!!!! ,2026-04-05T03:50:13Z
Let’s go boys,2026-04-05T03:50:13Z
i get so hyped when we score. an then the goal song comes on…,2026-04-05T03:50:17Z
https://preview.redd.it/9khx7j1tnatg1.jpeg?width=1080&amp;format=pjpg&amp;auto=webp&amp;s=e5c7722194b3bd98f456e03810b7ee2f13f9f660,2026-04-05T03:50:19Z
MACKLIN THE FREAKING GOAT CELEBRINIIII,2026-04-05T03:50:20Z
WE’RE SO BACK,2026-04-05T03:50:22Z
What can't Graf do?,2026-04-05T03:50:22Z
This fucking team...,2026-04-05T03:50:22Z
Here we fucking go ,2026-04-05T03:50:23Z
CELEBRINI IS THE GREATEST HOCKEY PLAYER TO EVER PLAY HOCKEY!!!!!,2026-04-05T03:50:25Z
THIS IS WHY HES THE GOAT. THE GOAAATTTTTTTT,2026-04-05T03:50:25Z
MACK YES YES YESSSSSSSSS,2026-04-05T03:50:26Z
YESSSSS,2026-04-05T03:50:29Z
We've only scored 4 on 4. Let's just keep playing 4 on 4. Bait those penalties 😂,2026-04-05T03:50:30Z
My pulse is racing Jesus Christ ,2026-04-05T03:50:33Z
OUR DOWNFALL WAS WILDY EXAGGERATED (by us 10 mins ago lol) ,2026-04-05T03:50:33Z
"![gif](giphy|h9ydjRdrPdfWlvaVpZ)

GOD ON ICE",2026-04-05T03:50:33Z
FUCK YEAHHHHH,2026-04-05T03:50:33Z
https://preview.redd.it/ylwrtzrunatg1.jpeg?width=1080&amp;format=pjpg&amp;auto=webp&amp;s=5e024e824394e76fac1a5096b1904c022406f396,2026-04-05T03:50:34Z
Momentum BABYYYY,2026-04-05T03:50:34Z
"I KNEW IT WAS COMING!!

https://preview.redd.it/8dy0fuwunatg1.jpeg?width=694&amp;format=pjpg&amp;auto=webp&amp;s=643e8c9cf86df66f601b486fbe8f975347b47fce",2026-04-05T03:50:36Z
Two point Nick Leddy night wtf???,2026-04-05T03:50:36Z
They ain’t going down easy and I fucking love the sharks for that!!! ,2026-04-05T03:50:36Z
"When Macklin's happy, I'm happy.",2026-04-05T03:50:37Z
"https://preview.redd.it/olp24nounatg1.png?width=1080&amp;format=png&amp;auto=webp&amp;s=389f42a268125e3030423befd67e86f254217d34

",2026-04-05T03:50:39Z
Terrific defense from the Preds. Let's leave Celebrini wide open lmao.,2026-04-05T03:50:39Z
I AINT HEARD NO FUCKING BELL,2026-04-05T03:50:40Z
lets fucking goooooo,2026-04-05T03:50:40Z
GIVE HIM HIS MONEY,2026-04-05T03:50:40Z
MACKYYYYYYYYY!!!!!,2026-04-05T03:50:41Z
Hell of a pass from Graf!,2026-04-05T03:50:41Z
I haven’t seen Macklin this pumped since… he leapt into Wennberg the other day. The boys are hyped and this is exciting to watch. I fucking love it man,2026-04-05T03:50:43Z
MACK!!,2026-04-05T03:50:43Z
“Celebrini has it. THATS WHO YOU WANT TO HAVE IT.” -Randy Hahn,2026-04-05T03:50:44Z
thats mack's biggest celebration for a goal he's scored in a long long time,2026-04-05T03:50:46Z
WHEN THEY NEEDED HIM MOST!!!!!!!!!,2026-04-05T03:50:49Z
BIG MACK,2026-04-05T03:50:51Z
Who's that guy who said Nick Leddy. Honestly rather see him the rest of the year over klungberg. ,2026-04-05T03:50:56Z
I need you all to know I turned on the game at 13 minutes left in the 2nd. Im glad i missed all the not fun part of the game,2026-04-05T03:50:56Z
Leddy has a 2 point night tonight,2026-04-05T03:50:57Z
I’d sell my left labia to be in the tank right now it sounds live as fuck,2026-04-05T03:50:57Z
2pts for leddy what even is this,2026-04-05T03:51:03Z
a goal and an assist for leddy i can’t believe this game,2026-04-05T03:51:04Z
NICE GRAFFER ASSISTTT,2026-04-05T03:51:06Z
Damn I picked a great time to start watching,2026-04-05T03:51:06Z
ABSOLUTE FUCKING UNIT,2026-04-05T03:51:06Z
"Never say die, boys. You're never out with Macklin on your team.",2026-04-05T03:51:08Z
LFG! You wanna skate 4-4. Gladly,2026-04-05T03:51:09Z
that's one of the best second periods from the sharks i've seen in a long while LMAO,2026-04-05T03:51:09Z
Offensive dynamo Nick Leddy!,2026-04-05T03:51:13Z
Beautiful pass Graf,2026-04-05T03:51:16Z
Fuck yea. We have the momentum.,2026-04-05T03:51:17Z
Let’s freaking goooo! We in this 👏,2026-04-05T03:51:17Z
"Lick Neddy please fight someone, the gordie howe would be so funny. ",2026-04-05T03:51:19Z
The kid our savior 🙌,2026-04-05T03:51:20Z
Woooahhh Nick Leddy! Bam a lam!,2026-04-05T03:51:21Z
Lick Neddy has arrived!,2026-04-05T03:51:21Z
"Just when I was thinking ""if we can hold onto 3-1 going into the third, we've got a shot"" and Macklin said ""bitch, naw""",2026-04-05T03:51:21Z
Graf is so damn good,2026-04-05T03:51:27Z
I gave up after1st. Should know better.,2026-04-05T03:51:31Z
collin mf graf. looking like kucherov flying around the net there,2026-04-05T03:51:31Z
Maybe we can just play 4 on 4 for the third period,2026-04-05T03:51:33Z
If Celegoatini doesn’t get the Hart I’m gonna puke on whoever does. ,2026-04-05T03:51:33Z
"Comeback time, baby!!!! Let's Go!!!!!!!",2026-04-05T03:51:33Z
"not out of the woods yet, guys gotta keep the physicality up",2026-04-05T03:51:34Z
gorgeous stunning amazing perfect,2026-04-05T03:51:34Z
"Much much much better period from the whole team. Asky stopped the shots he needed to, better team passing and speed in all zones and finally some good shots.",2026-04-05T03:51:36Z
"This fucking team, man",2026-04-05T03:51:38Z
"LET'S FUCKING GOOO. WE'RE BACK IN IT, BABY!!!

https://preview.redd.it/j4r1jmr1oatg1.jpeg?width=320&amp;format=pjpg&amp;auto=webp&amp;s=fa33b9c23ccfefcb7cd3016434132f794ae95fad",2026-04-05T03:51:40Z
Great period we so back,2026-04-05T03:51:42Z
https://preview.redd.it/w7smjy42oatg1.jpeg?width=968&amp;format=pjpg&amp;auto=webp&amp;s=cdc79eebd70e03950adae7bf009ec6e132c53fa6,2026-04-05T03:51:45Z
https://preview.redd.it/4klkqwk2oatg1.jpeg?width=1080&amp;format=pjpg&amp;auto=webp&amp;s=c2f98af8ba4af811f02e515f2bfc00c5a06851f0,2026-04-05T03:51:48Z
Two point night for Leddy!!!,2026-04-05T03:51:48Z
i had the game minimized to the corner of my screen as i play my game because i was dooming after the first. i think they have earned full screen again. lets fucking go ,2026-04-05T03:51:51Z
"Well, you want to make the playoffs?

You have to win the next period ",2026-04-05T03:51:52Z
"https://preview.redd.it/hnxrh6w2oatg1.jpeg?width=1320&amp;format=pjpg&amp;auto=webp&amp;s=696a3b711e332b21720a6876a408d13390418cb9

STAMMER WAS TOSSED",2026-04-05T03:51:55Z
Preds defense finally stopped being prime Detroit against us,2026-04-05T03:51:59Z
"I came up with some alternative lyrics since it looks like we're going to be stuck with that craptastic goal song. Let me know what you think:

&gt; Macklin Celebrini
Macklin Celebrini 
Macklin Celebrini yeah
Hey hey

I mean, we might as well make the best of it.",2026-04-05T03:52:00Z
Sharks in mirror are closer than they appear,2026-04-05T03:52:01Z
Celly!!!! What a pass!!! What a goal!!! Sharks are back babyyy,2026-04-05T03:52:06Z
"Move over stamkos, the future is teal",2026-04-05T03:52:10Z
Love to see it ,2026-04-05T03:52:11Z
"We needed at least one this period, to get it within one is so good. Tank sounds like it’s hopping rn. Momentum is ours heading into the 3rd!!",2026-04-05T03:52:16Z
"I looked away again and another goal, I’m turning the tv off ",2026-04-05T03:52:18Z
Excellent,2026-04-05T03:52:19Z
"https://preview.redd.it/75dqyaq5oatg1.jpeg?width=1179&amp;format=pjpg&amp;auto=webp&amp;s=97caf626d02b6a022000d88aaf5cf486c87cdff8

",2026-04-05T03:52:19Z
https://preview.redd.it/qwocctc6oatg1.jpeg?width=1170&amp;format=pjpg&amp;auto=webp&amp;s=3ce8064982b8b4a49b8ea8e5e8e7a146e19687ed,2026-04-05T03:52:23Z
HE HAS RISEN ,2026-04-05T03:52:32Z
Fuck yea we have a game. ,2026-04-05T03:52:36Z
nick motherfucking leddy my offensive dman. give him 8x8 immediately,2026-04-05T03:52:37Z
"What a period, can they pull it off? Stay tuned!",2026-04-05T03:52:39Z
Another point for Nick Leddy,2026-04-05T03:52:48Z
"nick leddy masterclass 1g 1a

",2026-04-05T03:52:57Z
That was a GREAT answer to the first period. Credit where credit is due to some solid coaching adjustments and better intensity from the players,2026-04-05T03:53:02Z
https://preview.redd.it/v0dhgjfaoatg1.jpeg?width=1920&amp;format=pjpg&amp;auto=webp&amp;s=7fbffff514284a491a313ebb1659b71a9ebda17d,2026-04-05T03:53:03Z
"https://preview.redd.it/ivo9m6eaoatg1.jpeg?width=3024&amp;format=pjpg&amp;auto=webp&amp;s=dd227cc479e61c00ed895afec3c31e9d67a216ab

We are all this man right now",2026-04-05T03:53:07Z
![gif](giphy|ro8PizsxZMEvSPzVrv|downsized),2026-04-05T03:53:08Z
"I hope in the offseason remodel they add 6 feet to the benches, watching Drew have to stand right next to players on the bench and watching guys have to squeeze their legs around the door at the far end of the bench is embarrassing",2026-04-05T03:53:13Z
"Been a Leddy fan this whole season, all you had to do was believe",2026-04-05T03:53:19Z
Hey everyone. Decided to sleep in cause it's my brithday so missed the start of that game. How we playing? ,2026-04-05T03:53:25Z
Time to lock in for the 3rd great 2nd period more work to be done. Sharks have the momentum they just need to keep pushing.,2026-04-05T03:53:27Z
https://preview.redd.it/h2wme8adoatg1.jpeg?width=828&amp;format=pjpg&amp;auto=webp&amp;s=0d9a6a83635b899171ed871882b9ad73f421a210,2026-04-05T03:53:29Z
"Leddy has been one of their two best D-Men the last 5 games.

That’s crazy to even write ",2026-04-05T03:53:30Z
"As someone who’s a trained grappler. Stamkos can’t grapple for shit 😂😂😂 that said great response by the Sharks!

![gif](giphy|r9dazpapsZppKC42v9)",2026-04-05T03:53:34Z
The only thing that would make this better is a Will Smith goal,2026-04-05T03:53:40Z
"https://preview.redd.it/fiamwfefoatg1.jpeg?width=828&amp;format=pjpg&amp;auto=webp&amp;s=90d086132b2c3679577fbca40a0e6b98e2ef4cfe

Once again I am reminded of the accuracy of this...",2026-04-05T03:53:48Z
AND ON THE THIRD DAY HE ROSE,2026-04-05T03:54:04Z
"WE ARE SO BACK! I was worried after the first period, but Asky holding the Preds at 3 while we score two unanswered goals in the second is a dream come true!",2026-04-05T03:54:15Z
"Celebrini is all fired up!

Where are we with Graf’s new contract? Give the kid whatever he wants. ",2026-04-05T03:54:22Z
"I like the angry sharks, we need more of that.",2026-04-05T03:54:26Z
(Another) monster game for Leddy. ,2026-04-05T03:54:29Z
Grillmack&gt;Chillmack???? ,2026-04-05T03:54:44Z
"Happy Easter everyone

https://preview.redd.it/lfwgi4cloatg1.jpeg?width=1079&amp;format=pjpg&amp;auto=webp&amp;s=931df08677aa544887200ba6085edab72c08214b",2026-04-05T03:54:45Z
"Quakes are doing well.  Plus, they've had some ridiculous cellys",2026-04-05T03:54:48Z
"That’s a team growing and learning in real time. They absolutely were not ready in the first 20. Came out in that period and were able to slowly even out the play and get settled into the game. Then the physicality starts to pick up, chirps are flying all over the ice and boys are standing up for each other. One goal was good, two gives them some real belief going into that locker room. Started to feel some playoff level intensity as the period went on. Should be a real fun third we’re about to watch.",2026-04-05T03:54:48Z
Boys are playing pissed off now and it’s paying off,2026-04-05T03:54:49Z
"Damn, Leddy!!  If you had played like this all year, we probably would be in a better position playoffwise!  😂",2026-04-05T03:54:53Z
One of our better second periods this year seeing as that's usually when we're at our worst. Momentum has swung. Gotta jump on em in the third. ,2026-04-05T03:54:59Z
"Guys, Leddy has a multi point game. This is INSANE",2026-04-05T03:55:17Z
did the preds gas out or what bc it looks like it flipped and we're slappin em now,2026-04-05T03:55:21Z
Graf might be the 2nd coming of pavelski,2026-04-05T03:55:37Z
"serious question, how many young athletes are better at their sport than macklin celebrini (criteria being 3rd or less professional season, 23 years old or under).

i’ve got wemby and lamine yamal above him. i wouldn’t take anyone else at their sport above him playing hockey.",2026-04-05T03:55:47Z
That Eklund assist was sickkkk,2026-04-05T03:55:52Z
"https://preview.redd.it/jr2bjo5toatg1.jpeg?width=1320&amp;format=pjpg&amp;auto=webp&amp;s=a9dbe98965a1b9c76ae1d0b4e559ef2d6e1c168e

me after that second goal",2026-04-05T03:56:03Z
OOOO that eklund assist was cleannnn,2026-04-05T03:56:20Z
"This has gotta be the only time in my life I’ve hated having an intermission between periods, I’m hyped in my own living room hoping the guys can maintain the momentum in 18 minutes and counting lol ",2026-04-05T03:56:40Z
Leddy has been a unit since he’s been brought back up. He learned so much in that one cuda game!,2026-04-05T03:56:51Z
Mack is unreal ,2026-04-05T03:56:55Z
Crazy George starts a wave at the tank. Good luck or bad luck? Are we going to have to start allowing it?,2026-04-05T03:57:25Z
[deleted],2026-04-05T03:57:36Z
"Not dead yet, guys",2026-04-05T03:57:54Z
whatever warso said in the first intermission worked. he may make frustrating decisions but he knows his team and it does seem like the team trusts him ,2026-04-05T03:58:01Z
Well I missed 1st period but we scored within a minute of me tuning into 2nd (Leddy?!) so I have hope for 3rd. ,2026-04-05T03:58:04Z
I swear I see zach lheroux or Roman Josi complaining every single shift ,2026-04-05T03:58:33Z
It makes sense why he joined the predators after watching stammer wrestle down then take an extra punch on a young kid while he’s down ,2026-04-05T03:58:57Z
https://preview.redd.it/v7ql5fhlpatg1.jpeg?width=1226&amp;format=pjpg&amp;auto=webp&amp;s=48482a319f760c06e24b196797771316811a1f42,2026-04-05T04:00:24Z
I miss Brent Burns,2026-04-05T04:01:10Z
The epic collapse of the Ducks brings me joy =),2026-04-05T04:01:39Z
I left to attend to work and Nick fucking Leddy lmao what  season eh,2026-04-05T04:01:41Z
"As someone who’s a new enough fan to have only experienced Sharks playoff hockey through YouTube highlights, between the past couple nights (especially the game against the Ducks) and tonight, you’re telling me playoff hockey at the Tank is *more* hype than this?! ",2026-04-05T04:01:59Z
༼ つ ◕_◕ ༽つ MACK DO THE THING ༼ つ ◕_◕ ༽つ,2026-04-05T04:02:00Z
I'm still mad about the calls today. The Orlov penalty and the Smith penalty were both weak.,2026-04-05T04:02:08Z
"I'm going to go shower. I better not miss anything good, but if I do, y'all can thank me",2026-04-05T04:02:09Z
Listening to Orville Peck and NOT Alan Hoshida rn,2026-04-05T04:02:19Z
"Whatever you guys did differently during the 2nd period, keep doing it. I went outside to watch the game so I will be staying out here 🙌🏻",2026-04-05T04:02:51Z
Shit bro Preds might take our WC2 spot but never fear pacific 3 is here ,2026-04-05T04:02:54Z
is now a good time to mention i got a hair cut today? take that as you will (i got complimented by two strangers!),2026-04-05T04:03:00Z
"![gif](giphy|AEOosd4Eg3vHsTcMlS)

still love this guy",2026-04-05T04:03:12Z
"We were discussing the game earlier in the car, wifes phone was just sitting in the cubby, started just playing “We are the Champions”. A sign fom the Etsy Witch Lady?",2026-04-05T04:03:53Z
I see. Warso told the boys to let the Predators up 3 goals early because he knew that the boys can climb back to win this game. Right? Right!?,2026-04-05T04:05:40Z
Why did we swap out our Bald Baddies,2026-04-05T04:06:21Z
Just remembered we didn't challenge that second goal and got angry all over again ,2026-04-05T04:06:58Z
"Tatu playing in the tank, the pride magic will continue to give us another win ",2026-04-05T04:07:30Z
Guy are we goated at 4 on 4,2026-04-05T04:07:42Z
"Calgary is 4-1 with Anaheim (please Sharks, make Easter also good)",2026-04-05T04:08:23Z
"Please hockey gods

https://preview.redd.it/cdjp9k40ratg1.jpeg?width=3024&amp;format=pjpg&amp;auto=webp&amp;s=e24044b41fef1313af0f47a6b5368ddbc077d55b

Let this work again 🙌🩵🦈🦈🦈🦈🦈",2026-04-05T04:08:36Z
"Cannot believe Asky haters just made me do *math* at midnight on this Saturday evening. 

But since I ran the numbers, for the record: discounting Asky's 1.000 in the game where he got hurt, he's had a .8497 save percentage his last 10 games, and Ned has had a .852. So they've been very similar, except that Ned tends to have more very good and very bad games and Asky tends to be more solidly middling.",2026-04-05T04:09:25Z
"Sharks, you can score more goals, Nashville please swap goalies",2026-04-05T04:09:35Z
"If we win I'm gonna go lay flowers at this mural in my city

https://preview.redd.it/chjy17lcratg1.jpeg?width=858&amp;format=pjpg&amp;auto=webp&amp;s=58e92895d20e73359cf49f90d1206528869180d4",2026-04-05T04:10:11Z
keep going mack ,2026-04-05T04:10:27Z
Mack is fired up now,2026-04-05T04:10:42Z
leddy may be our best D man right now,2026-04-05T04:10:46Z
Omg,2026-04-05T04:11:23Z
MY WOKE KING,2026-04-05T04:11:24Z
holy shit,2026-04-05T04:11:30Z
WE'RE SO BACK,2026-04-05T04:11:30Z
Holy shit what a goal!!!,2026-04-05T04:11:32Z
WENNYYYYYYYYY,2026-04-05T04:11:33Z
Oh Hell Yeah!!!!,2026-04-05T04:11:33Z
WENNY OUR GOAT,2026-04-05T04:11:35Z
Wenny wtf!!!!!!,2026-04-05T04:11:35Z
wenneberg wtf wtf wtf wtf,2026-04-05T04:11:35Z
"WENNY MY KING

https://preview.redd.it/f4s5b6rlratg1.jpeg?width=1080&amp;format=pjpg&amp;auto=webp&amp;s=d5a4f29fb046483794279ccfedb8b99a38c6953b",2026-04-05T04:11:36Z
HOLY,2026-04-05T04:11:37Z
WENNY THAT WAS SO BEAUTIFUL I LOVE YOU,2026-04-05T04:11:39Z
OH MY WE FUCKIN CAMEBACK,2026-04-05T04:11:40Z
ITS DESTINY BOYS!,2026-04-05T04:11:42Z
He took that shit right to the RACK holy shit,2026-04-05T04:11:43Z
OH MY GOD,2026-04-05T04:11:44Z
"ill keep saying it forever, wenny is the best skater (not player) on the team, hes like superhuman",2026-04-05T04:11:46Z
CLUTCHBERG,2026-04-05T04:11:49Z
LETSSSS GOOOOOO WENNNYYYY YOU FUCKIN BEAST,2026-04-05T04:11:50Z
WE COOKIN 🔥,2026-04-05T04:11:51Z
WENNGOATTTTTTTTTT,2026-04-05T04:11:51Z
FUCK YEAHHHHHHHHHHH ,2026-04-05T04:11:51Z
Yay Woke God? King? Lord? Felicia’s Husband?,2026-04-05T04:11:52Z
"ALEX WENNBERG MY BELOVED

![gif](giphy|YEj6JZeJzd3SlA5u0x|downsized)",2026-04-05T04:11:52Z
WHO ELSE BUT WENNBERG? LET'S GOOOO,2026-04-05T04:11:53Z
WENNBERG YOU BEAUTIFUL BASTARD,2026-04-05T04:11:53Z
WENNY HOLY SHIT ,2026-04-05T04:11:53Z
Wennberg WOW,2026-04-05T04:11:53Z
WENNNNYYYYYYYYYY,2026-04-05T04:11:54Z
WENNY😭😭😭😭😭😭😭 MY HANDSOME SWEDISH PRINCE,2026-04-05T04:11:54Z
WENNY!!!!!! ,2026-04-05T04:11:57Z
Ahhhhhhhahahahahs,2026-04-05T04:11:57Z
IM SO HAPPY! (i hate this dumb goal song),2026-04-05T04:12:00Z
🤯 What a goal!,2026-04-05T04:12:00Z
Holy fuck its Alex Wennberg ,2026-04-05T04:12:01Z
🦈🦈🦈🦈,2026-04-05T04:12:02Z
**NEVER GIVE UP**,2026-04-05T04:12:03Z
he just said we win fucking now,2026-04-05T04:12:03Z
WENNY KEEPS WINNING,2026-04-05T04:12:03Z
OHHHHHH OHHHHH AAAAAA,2026-04-05T04:12:03Z
LETS FUCKING GOOOOO WENNY THATS MY GUY,2026-04-05T04:12:05Z
WENNBURG WHAT A GOAL !!!!!  TIE GAME ,2026-04-05T04:12:06Z
Wenny has had that puck on a fucking string lately,2026-04-05T04:12:06Z
WENNY I FUCKING LOVE YOU ,2026-04-05T04:12:07Z
WENNBERG TELLING THEM HATERS TO STFU!!!!,2026-04-05T04:12:08Z
LETS FUCKING GOIIIII,2026-04-05T04:12:09Z
Holy shit Wennberg!!!,2026-04-05T04:12:09Z
LET'S GOOOOOI! ,2026-04-05T04:12:10Z
"OMFG, Wenny",2026-04-05T04:12:11Z
"OH MY GOD WENNBERG

![gif](giphy|YEj6JZeJzd3SlA5u0x|downsized)",2026-04-05T04:12:13Z
WE ARE THE COMEBACK KIDS!! I swear they like the pressure and that’s a good thing! Keep it up!!! ,2026-04-05T04:12:16Z
"https://preview.redd.it/920o6v1qratg1.jpeg?width=932&amp;format=pjpg&amp;auto=webp&amp;s=d18787a5c3a32bf14886e8398647aa14acd064f4

YEEEEAH",2026-04-05T04:12:19Z
TIE GAME. LET'S GO SHARKS!,2026-04-05T04:12:20Z
"Holy shit! That was soooooo smooth!

Just cool, calm, and collected.",2026-04-05T04:12:22Z
Wenny just walked in. They’re done…finish them!!!,2026-04-05T04:12:22Z
Wennberg is ON FIRE,2026-04-05T04:12:25Z
EWWWWWWWWWWWWWWWWWWWWWWWW,2026-04-05T04:12:25Z
"Three more years of that, btw!!!",2026-04-05T04:12:28Z
Wenny cooked’em,2026-04-05T04:12:29Z
Wenny's edges are nasty,2026-04-05T04:12:29Z
"WENNBERG YOU BEAUTIFUL MAN

some of y'all were dooming so hard 5 minutes into the first period. there's 60 minutes of hockey ya know",2026-04-05T04:12:30Z
wenny walk em like a dog ,2026-04-05T04:12:30Z
https://preview.redd.it/xf18rzorratg1.jpeg?width=960&amp;format=pjpg&amp;auto=webp&amp;s=95aaa859b2c17cef24f26b2aed1fb31dd1794277,2026-04-05T04:12:31Z
LFG!!!!,2026-04-05T04:12:31Z
NASTY,2026-04-05T04:12:32Z
This team never gives up. I can't believe after that first period we are back in the game. Lol,2026-04-05T04:12:32Z
ITS ALWAYS THE MOST OVER BEFORE WE’RE SO BACK ,2026-04-05T04:12:33Z
What a goal. ,2026-04-05T04:12:34Z
People we are so happy now,2026-04-05T04:12:35Z
Gotta love seeing Marchessault getting roasted.,2026-04-05T04:12:36Z
I WAS HONESTLY SCARED WENNY WOULD PASS THAT THANK GOD HE DIDN'T,2026-04-05T04:12:37Z
sexy goal by a sexy guy,2026-04-05T04:12:37Z
GREAT GOAL BY FIRSTNAME LASTNAME!!!,2026-04-05T04:12:40Z
Wenny is literally perfect it's not fair at all...,2026-04-05T04:12:41Z
FUCK YEAH WENNNNYYYYYY,2026-04-05T04:12:41Z
https://preview.redd.it/v8g69yusratg1.jpeg?width=320&amp;format=pjpg&amp;auto=webp&amp;s=e6e0cad682fcef27bfb3d255a3611bab0b90aed2,2026-04-05T04:12:42Z
CHECK HIS STICK FOR GLUE CHECK HIM STICK REF,2026-04-05T04:12:43Z
Career high for Wenny with 18! What a beautiful and important goal to get it done with ,2026-04-05T04:12:44Z
ITS PRIDE NIGHT EVERY NIGHT,2026-04-05T04:12:45Z
My woke king,2026-04-05T04:12:46Z
WE ARE SO BACK,2026-04-05T04:12:47Z
I love you Wenny!,2026-04-05T04:12:47Z
WENNY!!!,2026-04-05T04:12:49Z
Wenny 🩵🦈🦈 beautiful man you ! ,2026-04-05T04:12:50Z
Okay officially I’ve been looking away for ALL 3 GOALS tonight I’m banning myself to the radio onlyyyyy lmaooo,2026-04-05T04:12:50Z
Currently screaming alone in my home,2026-04-05T04:12:52Z
"#Sir, this is a Wenny’s",2026-04-05T04:12:53Z
dude that might be goal of the year.,2026-04-05T04:12:53Z
Wennberg you beautiful man 😭😭,2026-04-05T04:12:54Z
DON'T STOP NOW! TAKE THE LEAD!!,2026-04-05T04:12:55Z
HELL YES WENNY!!! 👏👏 Wennberg legit been our best player the last few games,2026-04-05T04:12:58Z
UNBELIEAVABLE!!!,2026-04-05T04:13:00Z
Oh my god! Wennberg!!!,2026-04-05T04:13:00Z
That Wennberg's so hot right now,2026-04-05T04:13:02Z
Omg I just tuned in let's gooo,2026-04-05T04:13:04Z
"https://preview.redd.it/t1cqsufuratg1.png?width=1289&amp;format=png&amp;auto=webp&amp;s=3553e9b8233f0cd637be6b98a43b6520354ab464

REVERSE JINX",2026-04-05T04:13:08Z
Good shit Wennberg lets gooooooo,2026-04-05T04:13:16Z
"also I called the tie in the third, gonna play the powerball",2026-04-05T04:13:17Z
wennberg!,2026-04-05T04:13:20Z
WENNY ILY ,2026-04-05T04:13:21Z
"I can’t even bro


I can’t anymore man. This team is unbelievable 
",2026-04-05T04:13:22Z
Lil ass boy Marchessault got cooked 😂😂😂,2026-04-05T04:13:23Z
Fucking beautiful 🤩 ,2026-04-05T04:13:23Z
"No one’s hotter than Wennberg, could’ve stopped there /kidding",2026-04-05T04:13:24Z
https://preview.redd.it/14ov0ofxratg1.jpeg?width=890&amp;format=pjpg&amp;auto=webp&amp;s=16a1a22c9523e9cda819a2cd466a151974c34dd0,2026-04-05T04:13:25Z
Bro just went coast to coast. So sick! ,2026-04-05T04:13:25Z
I'd pull Sarros.  Jus' sayin,2026-04-05T04:13:26Z
Oh this crowd is ready to EXPLODE!!!,2026-04-05T04:13:28Z
LETS FUCKING GO WENNY!!!!!!!!!!!!!!!!!!!!!!!!!!!!,2026-04-05T04:13:29Z
"Game's not over, let's keep the momentum! ",2026-04-05T04:13:31Z
![gif](giphy|BHWdExao0vcbu),2026-04-05T04:13:33Z
tank is rockin oh yeahhhh,2026-04-05T04:13:36Z
https://preview.redd.it/jtgu5dgzratg1.jpeg?width=1080&amp;format=pjpg&amp;auto=webp&amp;s=da13c58c055b0a488f20e033ceb5c354e8233209,2026-04-05T04:13:44Z
"https://preview.redd.it/rzg85pezratg1.png?width=552&amp;format=png&amp;auto=webp&amp;s=7e1040a7afa5cb01ea7336e70e18b911b71ef6ba

",2026-04-05T04:13:45Z
Lord Stanley's Cup is ours,2026-04-05T04:13:48Z
What a fuckin goal wenny,2026-04-05T04:13:49Z
“No one’s hotter than Wennberg (for the sharks)” -Randy,2026-04-05T04:14:04Z
Mammoth fan here rooting for the Sharks so I can watch Macklin and Nate Dog fight for biggest generational talent.,2026-04-05T04:14:16Z
Fuck it make Wenny captain,2026-04-05T04:14:29Z
Wennberg literally has everything you could want in life. He is on my 2026 vision board. ,2026-04-05T04:14:30Z
I LOVE BEING ALIVE,2026-04-05T04:14:31Z
ostapchuk is quickly becoming that dog,2026-04-05T04:14:35Z
"I'm back at ""being hunted for sport"" and there's nowhere else I'd rather be, I guess",2026-04-05T04:14:38Z
WENNDADDDYYYYY!!!!,2026-04-05T04:14:43Z
Tank is rocking,2026-04-05T04:14:48Z
Ostapchuk just looked down at somebody and told them what’s what ,2026-04-05T04:14:51Z
https://preview.redd.it/zpy3vm27satg1.jpeg?width=1080&amp;format=pjpg&amp;auto=webp&amp;s=bd00aafaf8daa7f2f878bdb0778790dd935fd4d5,2026-04-05T04:14:55Z
I think I would've done a backflip if Smith scored there haha.,2026-04-05T04:15:02Z
https://preview.redd.it/yblw0cu7satg1.jpeg?width=1079&amp;format=pjpg&amp;auto=webp&amp;s=a81a31730b2f6630a9a14f3e4eb72f2536aaf893,2026-04-05T04:15:04Z
the tank sounds LOUD right now,2026-04-05T04:15:13Z
ChernMiToffs line is cookin,2026-04-05T04:15:21Z
GO SHARKS 🦈🦈🦈,2026-04-05T04:15:23Z
Holy fuck this is insane,2026-04-05T04:15:23Z
"The Sharks are my Lundqvist award winners, hot men and hotter talent",2026-04-05T04:15:24Z
The tank is rockin!!! Love to hear it!!,2026-04-05T04:15:36Z
"*""What is happening in San Jose, Drew Remenda?!""*",2026-04-05T04:15:37Z
“What if the Sharks decided to be down 3-0 to stress out the fans before coming back to win the game……….by God”,2026-04-05T04:15:43Z
No chance we win this in regulation right?? Right??? ,2026-04-05T04:15:53Z
Alexander “Connor McDavid” Wennberg ,2026-04-05T04:16:17Z
holy fuck wennberg legacy game,2026-04-05T04:16:19Z
Wenny is feeling it rn ,2026-04-05T04:16:23Z
We're all gay for Wennberg.,2026-04-05T04:16:26Z
wenneberg is fucking masterstroking this wtf,2026-04-05T04:16:27Z
possession monster wenny,2026-04-05T04:16:27Z
I walked away for like half an hour. Going to have to watch the replay later! ,2026-04-05T04:16:29Z
Wennberg is him,2026-04-05T04:16:32Z
Wennberg is cracked tonight,2026-04-05T04:16:33Z
wennberg is fucking insane right now,2026-04-05T04:16:34Z
"Holy shit, wtf is Wenny on?",2026-04-05T04:16:38Z
Wennberg mitts wow,2026-04-05T04:16:38Z
"Imagine if we get the cup this year.

It won't happen but just imagine ",2026-04-05T04:16:42Z
Wennberg the Swedish God,2026-04-05T04:16:43Z
alright i'm 5 angry orchards in. it's time for an eky goal.,2026-04-05T04:16:43Z
last two goals happened while i wasn’t paying attention so now i’m trying to do whatever and not focus on the game lol,2026-04-05T04:16:43Z
Wennberg's ability to control and protect the puck while skating around is some McDavid Celebrini Jack Hughes level shit at times.,2026-04-05T04:16:56Z
God even just the radio broadcast has me shaking ,2026-04-05T04:17:08Z
"“He was buried, and he was raised from the dead on the third day”

https://preview.redd.it/cm1p1j4lsatg1.png?width=1178&amp;format=png&amp;auto=webp&amp;s=8b6ccb95981e2785f5352d24d61dc79fc12d0785",2026-04-05T04:17:10Z
Wennberg masterclass,2026-04-05T04:17:17Z
Re-signing Wennberg is looking like a fantastic choice right now ,2026-04-05T04:17:17Z
Wennberg is INSANE. I swear Macklin doing all these sick ass shifty moves is inspiring the rest of the team to level up too,2026-04-05T04:17:20Z
wenny is just amazing to watch he moves so sexy idk how to explain ,2026-04-05T04:17:20Z
"I missed this building being absolutely incredible.

Gosh I’ve missed playoff like hockey in here",2026-04-05T04:17:32Z
"Wennberg is like Michael Myers right now. Bro is possessed

![gif](giphy|nlgexSdFTWT9S)",2026-04-05T04:17:33Z
Bet Seattle wished they kept Wenny lol,2026-04-05T04:17:36Z
god i love wennbergs line so much ,2026-04-05T04:17:52Z
omgomgomg is it happening are we finally going to beat the Preds?,2026-04-05T04:18:08Z
That Wennberg contract looking hella smart,2026-04-05T04:18:13Z
A selfish Wennberg might be our second best player. I've always thought he tries a little too hard to get others involved.,2026-04-05T04:18:15Z
Yeah Kief you yell at him,2026-04-05T04:18:18Z
Not much I hate more than watching the Sharks play when I know they're offsides.,2026-04-05T04:18:18Z
tequila,2026-04-05T04:18:21Z
https://preview.redd.it/yrybmuytsatg1.jpeg?width=828&amp;format=pjpg&amp;auto=webp&amp;s=fad5693e643ed8e6f5114cd064e539f547663cfa,2026-04-05T04:18:31Z
"Before they went back out Warso said ""you're on in five"" but Wenny heard ""change lives""",2026-04-05T04:18:37Z
Have they ever put a mic on Sherwood,2026-04-05T04:18:39Z
What’s going on with 68 man,2026-04-05T04:18:41Z
close these bums out,2026-04-05T04:18:53Z
Wennberg be like Peter Pan when he finally sees the colorful feast. He’s starting to believe ,2026-04-05T04:19:05Z
https://preview.redd.it/1ruioz4xsatg1.jpeg?width=500&amp;format=pjpg&amp;auto=webp&amp;s=ae10e25b0c9fc5fc39995ed86d3d22cd204f62f8,2026-04-05T04:19:09Z
"Good grab, Asky",2026-04-05T04:19:31Z
ASKY ❤️,2026-04-05T04:19:36Z
atta boy asky ,2026-04-05T04:19:37Z
Absolutely playoff level hockey....luvin' it,2026-04-05T04:19:38Z
who’s the top like rn? is cherny still on the 2nd?,2026-04-05T04:19:50Z
ASKYYYY,2026-04-05T04:19:53Z
"For some reason, I feel like if Muk got really angry he could throw hands.",2026-04-05T04:19:59Z
"Surprised the boys are letting this AHLer get under their skin, he took the run at Celebrini early and in the next sequence the boys appropriately gave him like 3-4 solid shots so what more is there",2026-04-05T04:20:03Z
Good keep it up we are a far better 4 on 4 team! 👍,2026-04-05T04:20:15Z
Askys been feisty tonight,2026-04-05T04:20:15Z
bro what,2026-04-05T04:20:17Z
I would pay money for them to mic Sherwood. Like a patreon of Sherwood chirps. ,2026-04-05T04:20:18Z
Bruh Zack is taking punches to the back of the head and there’s offsetting minors? ,2026-04-05T04:20:34Z
Back to 4 on 4 baby ,2026-04-05T04:20:40Z
Osty the goat ,2026-04-05T04:20:43Z
Zack is always in the middle of the fighting lol,2026-04-05T04:20:48Z
free my man are you joking,2026-04-05T04:20:49Z
booooo give us 4v4,2026-04-05T04:20:54Z
All going to plan. ,2026-04-05T04:21:03Z
Ostapchuk has really grown on me recently.,2026-04-05T04:21:03Z
"zach ""walk em down"" ostapchuk",2026-04-05T04:21:04Z
let’s get more of dat 4 on 4 luck 🙏🙏,2026-04-05T04:21:07Z
"Chucky has grown on me so much, he’s like the perfect 4C. ",2026-04-05T04:21:08Z
You can see the hunger in our guys! Keep up this aggression gents!,2026-04-05T04:21:09Z
nothing we love more than going 4v4 i guess,2026-04-05T04:21:10Z
Tf is going on ,2026-04-05T04:21:14Z
Chucky getting real familiar with the sin bin and I don’t even mind it much. Keep enforcing my dude. ,2026-04-05T04:21:22Z
Penalties seem unnecessary there,2026-04-05T04:21:24Z
Oh no Cherny,2026-04-05T04:21:28Z
 Has Mack and Will converted Wenny into an iPad kid? 😭✌️,2026-04-05T04:21:38Z
"“Strap in gang, this is fun” yeah Drew, but my heart is also getting a workout 😭",2026-04-05T04:21:51Z
"“Strap in gang, this is fun”",2026-04-05T04:21:51Z
IM BACK FROM SHOWERING AND WE TIED IT???? HELLOOOOOOO,2026-04-05T04:21:55Z
"love that we are under their skin. good place to be, as long as we are smart about it.",2026-04-05T04:21:55Z
I’m gonna throw up like an overly excited dog ,2026-04-05T04:21:56Z
cherny please do not get injured again,2026-04-05T04:21:57Z
Askyyy,2026-04-05T04:22:10Z
"I think Andrew Brunette could use a size up on his shirt -- all love, no judge.",2026-04-05T04:22:10Z
Frustrating all this started because of that no look pass from Eklund to no one in the slot,2026-04-05T04:22:18Z
If Sherwood scores a goal I will wake up the whole house (I love Sherwood),2026-04-05T04:22:25Z
"i don't believe nashville has a single player on the roster tonight who can fight 

the sharks have at least 4",2026-04-05T04:22:46Z
Bro this sequences has been beautiful?!? This defensive effort is a thing of beauty. ,2026-04-05T04:23:17Z
That wouldve been crazy if it went in,2026-04-05T04:23:18Z
ekky has had some sick backhands this game ,2026-04-05T04:23:25Z
Smitty has been very quiet this game ,2026-04-05T04:23:27Z
Man if Eklund scored there lol,2026-04-05T04:23:38Z
That shot was crazy ,2026-04-05T04:23:39Z
Imagine if that went in.,2026-04-05T04:23:41Z
"Eklund get it together man, we are so close here",2026-04-05T04:23:43Z
phew that was a heater nice save asky,2026-04-05T04:23:56Z
Good shit Asky ,2026-04-05T04:23:57Z
the amount of comments our GDTs get is insane,2026-04-05T04:24:02Z
I love my Disney Knees Goaltender,2026-04-05T04:24:03Z
where are all those asky downers lol,2026-04-05T04:24:05Z
Thank You Asky!,2026-04-05T04:24:06Z
ASKYYYYY YOU BEAST I LOVE YOU,2026-04-05T04:24:09Z
Been awhile since a Sharks game literally took years off of my life. ,2026-04-05T04:24:11Z
Let’s go askyyyyy,2026-04-05T04:24:13Z
Manifesting a Sherwood goal ,2026-04-05T04:24:18Z
Dear God I'm gonna vomit,2026-04-05T04:24:20Z
Imagine naming your team the predators,2026-04-05T04:24:20Z
why is Svechkov getting absolutely drilled every time he has the puck? did he do something i missed or coincidence?,2026-04-05T04:24:20Z
THERE IS BLOOD IN THE WATER WE ARE HUNGRY THE BEST PREDATOR IS A SHARK ANYWAY ,2026-04-05T04:24:22Z
So much space just to shoot on Asky’s logo lol,2026-04-05T04:24:22Z
"I hate getting angry at sports, but I can't contain my rage every time we can't make an easy play and GET THE FUCKING PUCK OUT OF THE ZONE",2026-04-05T04:24:24Z
Nashville pushing back. Puck play has been poor the last couple of shifts ,2026-04-05T04:24:43Z
The refs are not having a good night,2026-04-05T04:24:50Z
E40 and Too $hort for Chipotle 💀,2026-04-05T04:24:53Z
If I hear one word of Askarov slander ever again I will achieve my final form and start breathing fire btw ,2026-04-05T04:24:54Z
Where’s that “can’t spell Asky without shakey” guy at now???,2026-04-05T04:25:09Z
That's my anime waifu Asky,2026-04-05T04:25:09Z
"Didnt realize there was two game threads.

Im not home watching where I normally am, can someone please get me a quality still of Ostapchuk standing over the Nashville player from a few minutes back. I wanna make a meme",2026-04-05T04:25:34Z
Momentum feels like it’s fading. Need a goal ASAP,2026-04-05T04:25:41Z
A Sherwood goal and celebration here would blow the roof off of The Tank,2026-04-05T04:25:42Z
Anyone got the taco code?,2026-04-05T04:25:45Z
Asky I’m building a shrine ,2026-04-05T04:25:49Z
I LOVE YOU ASKYYYYY,2026-04-05T04:26:24Z
FUCKKKKK,2026-04-05T04:26:39Z
lol did it hurt when you did the splits ,2026-04-05T04:26:49Z
Warso logic - barely plays Misa but when he does it's a d-zone start. Jesus christ.,2026-04-05T04:26:58Z
Come on shark. Let’s not be sloppy. We got this ,2026-04-05T04:26:58Z
COME THE FUCK ON,2026-04-05T04:26:58Z
:(,2026-04-05T04:27:05Z
yeah that one felt bad,2026-04-05T04:27:05Z
It's actually INFURIATING how we can NEVER get to any loose puck first. Like what the fuck man,2026-04-05T04:27:09Z
Rough. Walked right in,2026-04-05T04:27:12Z
Saw that coming ,2026-04-05T04:27:12Z
Well sh\*t...,2026-04-05T04:27:13Z
"Too many offensive zone giveaways since the tying goal, was just a matter of time",2026-04-05T04:27:13Z
NOOOOO,2026-04-05T04:27:15Z
Sherwood you will get your goal,2026-04-05T04:27:16Z
Fuck. ,2026-04-05T04:27:17Z
Fuck :(,2026-04-05T04:27:18Z
"we still have more than enough time, come on",2026-04-05T04:27:18Z
FUCK ,2026-04-05T04:27:20Z
Arghhhh,2026-04-05T04:27:22Z
"well fuck my chungus life. now is the time to doom

",2026-04-05T04:27:23Z
Not asky’s fault they can’t clear the puck worth shit ,2026-04-05T04:27:29Z
suboptimal,2026-04-05T04:27:36Z
Uuuuuuuugh :(,2026-04-05T04:27:36Z
Mukh and Ferraro getting exposed tn,2026-04-05T04:27:37Z
it’s okay we’re coming back,2026-04-05T04:27:37Z
"![gif](giphy|5DV8lZKe6tEexmYbB2|downsized)

PLEEEAAAAASSSSEEEEE",2026-04-05T04:27:37Z
They started glazing Asky. I knew we were cooked,2026-04-05T04:27:38Z
Why the hell did Ferraro chase the puck behind the net lmao,2026-04-05T04:27:39Z
Asky glove side,2026-04-05T04:27:41Z
https://preview.redd.it/g6zukr1huatg1.jpeg?width=1080&amp;format=pjpg&amp;auto=webp&amp;s=748b78d8133e5d784bed0fd9af9b228b83d19c8f,2026-04-05T04:27:41Z
Beat gloveside what else is new,2026-04-05T04:27:43Z
https://preview.redd.it/o8dhx8dhuatg1.jpeg?width=640&amp;format=pjpg&amp;auto=webp&amp;s=f97db43a7f731d5bd12da3156f621903e9a6d713,2026-04-05T04:27:44Z
switched back to first period sharks after tying it..cmon,2026-04-05T04:27:46Z
yeah that was coming. fuck. ,2026-04-05T04:27:46Z
I think that was both Muk and Misa's fault. ,2026-04-05T04:27:47Z
Lots of hockey left to go boys get it together ,2026-04-05T04:27:49Z
Sadly that’s 100 percent on Muk,2026-04-05T04:27:49Z
You could feel that one coming. Come on Mukh!,2026-04-05T04:27:50Z
SORRY I WENT TO THE BATHROOM,2026-04-05T04:27:53Z
Saw that coming from a mile away. They’d really retaken momentum. Time to push hard!,2026-04-05T04:27:57Z
Big oof by Mukh unfortunately,2026-04-05T04:27:58Z
My god this defense ,2026-04-05T04:28:00Z
Muk 😩,2026-04-05T04:28:02Z
Fucking fuxk,2026-04-05T04:28:09Z
wtf,2026-04-05T04:28:09Z
Noooo,2026-04-05T04:28:13Z
If it was gonna happen at least it’s when there are 11 min on the clock still. Remember sharks like to score in the last minute recently. Let’s watch it play out. ,2026-04-05T04:28:14Z
If the preds or kings make the playoffs I will double down on rooting for the avs to sweep them. 🙄,2026-04-05T04:28:23Z
NOOOOO COME ON MUKH,2026-04-05T04:28:31Z
HELLA PUCK LEFT. We GOOD!,2026-04-05T04:28:31Z
I still love how we're fighting back. Keep it up. We can still do this.,2026-04-05T04:28:34Z
I Sherwood love to see us tie it up again,2026-04-05T04:28:34Z
smith is either godlike or god awful never in between,2026-04-05T04:28:38Z
what the fuck are these passes dude,2026-04-05T04:28:39Z
"sorry drew, i'm more mad about ferraro chasing behind the net than shakir barely losing his coverage",2026-04-05T04:28:42Z
Smitty wipeout in neutral ice,2026-04-05T04:28:46Z
Ferraro took an awful path to the puck there. If he goes to the other side of the net he gets to the puck first. Instead he’s chasing the play and can never catch up to Evangelista who made the primary assist ,2026-04-05T04:28:47Z
Mukh is having a brutal game,2026-04-05T04:28:47Z
Two goals on Muk tonight. He's been a statue. ,2026-04-05T04:28:50Z
Dude get in the fukin shower!,2026-04-05T04:28:51Z
forgetable shift by smith,2026-04-05T04:29:00Z
Askarov what is that bro,2026-04-05T04:29:09Z
All he had to do was just press him. We had the numbers 100% ,2026-04-05T04:29:13Z
I turned the game on and 20 seconds later Nashville scored. I have turned the game off as a sacrifice ,2026-04-05T04:29:17Z
Sharks hang onto the puck longer than 5 seconds challenge: impossible ,2026-04-05T04:29:20Z
Not a great shift from the top line. Nashville is suffocating them a bit,2026-04-05T04:29:22Z
Smith been brutal tn,2026-04-05T04:29:22Z
The second I saw how easy they were able to handle that puck behind the net I knew that shit was gonna be a goal,2026-04-05T04:29:26Z
https://preview.redd.it/4ufj14fsuatg1.jpeg?width=960&amp;format=pjpg&amp;auto=webp&amp;s=16e0efd43cb488765bd80f7a072db4d4c45d06dd,2026-04-05T04:29:27Z
Suddenly looks like the first period again. I don’t get it. ,2026-04-05T04:29:36Z
gotta recompose here,2026-04-05T04:29:48Z
They have to make simpler passes. ,2026-04-05T04:29:50Z
Regularly scheduled Kief wipeout,2026-04-05T04:29:55Z
"That was my fault

I walked away when it was 3-0 and tuned back in when I saw it was 3-3. Immediately Sharks couldn't get it our of their zone again and then that

I'll turn it back off now",2026-04-05T04:29:57Z
"Smith is killing me this game, rough time to have a sleepy game. Hope he can wake up a bit",2026-04-05T04:30:02Z
[deleted],2026-04-05T04:30:07Z
Also Nashville are Olympic divers man this is their MO,2026-04-05T04:30:07Z
How do so many passes get intercepted christ ,2026-04-05T04:30:10Z
Is Will Smith in the room with us?,2026-04-05T04:30:11Z
please let’s not choke we can bounce back,2026-04-05T04:30:14Z
Sam you gotta shoot it in front of the net not behind,2026-04-05T04:30:19Z
The fuck was that pass will?,2026-04-05T04:30:32Z
I really wish Smith was less pedestrian and flippant out there.,2026-04-05T04:30:44Z
Omg Sam wtf,2026-04-05T04:30:45Z
The east-west stuff Drew talks about is because none of our defensemen can move the puck north-south without turning it over,2026-04-05T04:31:16Z
Sherwood got that dawg in him! Love it,2026-04-05T04:31:23Z
“Fucking unbelievable”- Mr. Sherwood ,2026-04-05T04:31:36Z
please just make a normal pass up the ice...I'm begging ,2026-04-05T04:31:37Z
https://preview.redd.it/6onkrwk6vatg1.jpeg?width=1080&amp;format=pjpg&amp;auto=webp&amp;s=b8331eebe09203743454b005eba8cb74b4aae7f2,2026-04-05T04:31:40Z
Sam's shooting percentage being 1.5% is pretty sad.,2026-04-05T04:31:55Z
Sherwood and Wenny have been fantastic this period,2026-04-05T04:32:04Z
Someone get smitty a sports psychologist bc i think  that could work wonders.,2026-04-05T04:32:05Z
"Idk if it's just not the coaching style or the vibe of the team, but sometimes I just wanna see someone, be that Warso or a player, just lay the fuck in on everyone during a TV timeout, or a normal timeout. This shitty play is unacceptable from a professional hockey team.",2026-04-05T04:32:19Z
Sherwood always looks like someone pissed in his cereal and I fucking love it. ,2026-04-05T04:32:22Z
"I am not having fun, why do I subject myself to this",2026-04-05T04:32:34Z
"I mean,  who doesn’t love smitty? But yeah I’m looking forward to him developing his game more bc he has work to do",2026-04-05T04:32:36Z
"Ok, I’m a ball of stress now 😭",2026-04-05T04:33:10Z
woody wants that cookie BAD,2026-04-05T04:33:54Z
I believe in you Sherwood ,2026-04-05T04:34:12Z
get em kief,2026-04-05T04:34:21Z
Sherwood is such a shit stirrer and I love it ,2026-04-05T04:34:28Z
that held at gunpoint feeling is back…,2026-04-05T04:34:32Z
"if Vinny gets a clean pass thru there, 2 guys all alone with the goalie. Damn. ",2026-04-05T04:34:34Z
A player getting mad after shoving an opponent into his own goalie will never not make me laugh,2026-04-05T04:34:39Z
"hit eky in the head again.

https://preview.redd.it/lcgutz7qvatg1.jpeg?width=1170&amp;format=pjpg&amp;auto=webp&amp;s=49ec6d82b6844458c6889e15478965b3a1ef10ae",2026-04-05T04:34:43Z
"kiefer sherwood on any given shift

https://preview.redd.it/577lj79qvatg1.jpeg?width=983&amp;format=pjpg&amp;auto=webp&amp;s=97c311b5e692bf4c3b2a935e1e712e55211674b8",2026-04-05T04:34:48Z
Kief just ready to throw (verbal) hands,2026-04-05T04:35:06Z
Man Wennberg is playing so amazing tonight and just in general lately.,2026-04-05T04:35:12Z
I’m surprised he was able to track that down,2026-04-05T04:35:18Z
smith just… put someone down??? i didn’t know that was possible ,2026-04-05T04:35:23Z
that was mad impressive by will ,2026-04-05T04:35:33Z
You can tell will smith can be a smart hockey player because he had a decent number of points for being a very lazy hockey player ,2026-04-05T04:35:46Z
i swear it always feels like we have one less player on the ice than them…,2026-04-05T04:35:49Z
I see you smitty ,2026-04-05T04:36:04Z
Will Smith physical??,2026-04-05T04:36:06Z
orlov u are a terrorist ,2026-04-05T04:36:08Z
What a play by smith,2026-04-05T04:36:11Z
ASKYYYYYYY,2026-04-05T04:36:15Z
will learning the benefit of actually using the body ,2026-04-05T04:36:21Z
Fucking Orlost,2026-04-05T04:36:22Z
Orlov has made so many easy mistakes the last few weeks ,2026-04-05T04:36:26Z
Team needs to wake up rn,2026-04-05T04:36:32Z
SHARKS SCORE PLS I CANT DO THIS ANYMORE ,2026-04-05T04:36:37Z
Here comes Mack quad shifting,2026-04-05T04:36:50Z
I’m hoping they remember how to score and win before there are 3 minutes left in the game ,2026-04-05T04:36:55Z
ok I'm sorry but Orlov just fucks up too much,2026-04-05T04:36:59Z
easy with the TOs dammit,2026-04-05T04:37:00Z
Orlov bro...,2026-04-05T04:37:01Z
Asky should be allowed to punch Orlov just once ,2026-04-05T04:37:08Z
Is Orlov a double agent or something? Unforced icing and unforced giveaway back to back. And he's been like this for several games in a row.,2026-04-05T04:37:13Z
"If they’re doing Misa-Cherny, I’d love to see Eklund with them.",2026-04-05T04:37:18Z
a sharks defenseman failing to clear? wow...,2026-04-05T04:37:30Z
asky you agile beast,2026-04-05T04:37:32Z
breaking asky’s back aren’t they,2026-04-05T04:37:33Z
Asky gets to do his insane sliding splits or BUST lmao I love him ,2026-04-05T04:37:34Z
The extra man advantage goal is going to hit like CRACK ,2026-04-05T04:37:35Z
Take a shot everytime there a d breakdown lol,2026-04-05T04:37:40Z
I can’t handle this. Let’s score 2 right now sharks. ,2026-04-05T04:37:47Z
WHAT A SAVE BY ASKY,2026-04-05T04:37:49Z
imagine we pull the goalie now like the islanders did yesterday ,2026-04-05T04:37:57Z
Smith is having some bad juju,2026-04-05T04:38:07Z
We are so lucky to have a flippy floppy Asky,2026-04-05T04:38:14Z
"Asky

![gif](giphy|E0Z06zqqlm7jSG6hV2)",2026-04-05T04:38:20Z
Randy just made a ship name ,2026-04-05T04:38:21Z
"If the Sharks ever go 15-0 against a team, know that I’m dead. because this would never happen in my lifetime",2026-04-05T04:38:27Z
Not the best game from Smitty. The little details are missing tonight!,2026-04-05T04:38:30Z
https://preview.redd.it/bmbs7dafwatg1.jpeg?width=1284&amp;format=pjpg&amp;auto=webp&amp;s=00cfe4d59caa0f8af4837dedcac9137d21ab89c9,2026-04-05T04:38:37Z
tbh kinda hoping smitty has a sports councillor atm 🥺,2026-04-05T04:38:42Z
"Genuinely is Will sick? It’s just clear he not
Mentally there tonight. ",2026-04-05T04:38:49Z
Time for another 4 on 4 I guess ,2026-04-05T04:38:52Z
At a loss for words. Should be a 2 goals deficit. They got fucking lucky. Orlov not only fails to clear he lets his man get wide fucking open right in front of the net.,2026-04-05T04:38:55Z
https://preview.redd.it/e9hxvhfiwatg1.jpeg?width=757&amp;format=pjpg&amp;auto=webp&amp;s=97baa94f4df695158123a508100ad029bff6aeb8,2026-04-05T04:39:06Z
On the bright side Calgary won ,2026-04-05T04:39:24Z
Will buddy are you okay? How did he wiff that?,2026-04-05T04:40:27Z
"The team has been playing better and I'm not specifically blaming warso here, but what exactly are they doing in practice? These are the same turnovers we see every single game ",2026-04-05T04:40:29Z
The lack of a RH puck moving D-Man is even more evident tonight ,2026-04-05T04:40:31Z
Misa GTG incoming ,2026-04-05T04:40:43Z
"https://preview.redd.it/1yykm11rwatg1.png?width=616&amp;format=png&amp;auto=webp&amp;s=bee5a418163d78a7e162b947a83047f832fa6d6d

You guys need to chill.",2026-04-05T04:40:44Z
"Wennberg, ~~you super hot man~~ please score a goal",2026-04-05T04:40:48Z
GRAF NOOO,2026-04-05T04:41:10Z
Fuuuuck comeooon ,2026-04-05T04:41:38Z
come on come on come on come onnnnn,2026-04-05T04:41:51Z
Brutal fucking shift by Misa,2026-04-05T04:41:58Z
These passes are abysmal,2026-04-05T04:42:03Z
Ooof,2026-04-05T04:42:15Z
Misa brother let’s go pls,2026-04-05T04:42:24Z
NOOOO,2026-04-05T04:42:25Z
eklund noooooooooooooooooooo,2026-04-05T04:42:26Z
They’re ALL over us,2026-04-05T04:42:30Z
It CANT end like this dawg,2026-04-05T04:42:30Z
NOOOOOOOOO,2026-04-05T04:42:30Z
wenny whyyyy,2026-04-05T04:42:35Z
FUCKKKK WE HAD IT😭,2026-04-05T04:42:36Z
Eklund brutal man,2026-04-05T04:42:38Z
My God Ekky what the fuck are you doing,2026-04-05T04:42:39Z
BRO,2026-04-05T04:42:39Z
Eklund is so underwhelming ,2026-04-05T04:42:41Z
Just can’t keep doing that ,2026-04-05T04:42:49Z
Of course ,2026-04-05T04:42:54Z
eklund…,2026-04-05T04:42:55Z
Eklund you bum,2026-04-05T04:42:55Z
Oh my god ,2026-04-05T04:42:56Z
goddamn that was so close. what a pass by Sherwood,2026-04-05T04:42:56Z
Vinny breaking ankles 😂,2026-04-05T04:43:00Z
William Eklund might be the most snakebitten hockey player of all time. ,2026-04-05T04:43:03Z
that was the most beautiful setup ,2026-04-05T04:43:04Z
What the Ek?,2026-04-05T04:43:06Z
I cant take this,2026-04-05T04:43:06Z
Ekky's gonna see that one when he tries to sleep tonight.,2026-04-05T04:43:07Z
PASS TO ANYONE BUT EKLUND,2026-04-05T04:43:07Z
Fuckkkkkkkkkkk,2026-04-05T04:43:07Z
Eklund gotta get it together,2026-04-05T04:43:15Z
ending my shit rn,2026-04-05T04:43:17Z
god,2026-04-05T04:43:18Z
I'm so scared I'm gonna see an empty net soon ,2026-04-05T04:43:20Z
yeah thats Eklund's season in a nutshell. what the FUCK.,2026-04-05T04:43:20Z
Ekky is so snakebit my lord,2026-04-05T04:43:22Z
Duuuuuuuude cmon,2026-04-05T04:43:23Z
eklund bro,2026-04-05T04:43:24Z
IT'S MACKLIN TIME.,2026-04-05T04:43:25Z
LETS GOOOOOO POWERPLAY,2026-04-05T04:43:25Z
COME ON LETS GO ,2026-04-05T04:43:26Z
"Dude whoever has cursed Eklund, what the hell?? How many open nets can he miss out on??",2026-04-05T04:43:27Z
"In his defense, I thought he was gonna shoot that too ",2026-04-05T04:43:30Z
roman josi is so beautiful thank you roman josi,2026-04-05T04:43:31Z
BIG PP TIME PLEASE,2026-04-05T04:43:31Z
NOOOOOOOOOOOOO,2026-04-05T04:43:31Z
"Take a shot everytime you hear “fanned on it”.

💀 

😢 ",2026-04-05T04:43:32Z
Power play!,2026-04-05T04:43:33Z
"FUCK. How many times has he done that. 

We got this",2026-04-05T04:43:38Z
Eklund needs some serious shooting practice this summer ,2026-04-05T04:43:48Z
"Whiffed it, theme of the damn game",2026-04-05T04:43:49Z
 LET’S FUCKING GOOOOOOOOOOOOOO!!!!!!,2026-04-05T04:43:49Z
huge power play ,2026-04-05T04:43:50Z
The immediate pointing fingers after that goes over the glass 💀,2026-04-05T04:43:53Z
Might as well pull Asky now too ,2026-04-05T04:43:54Z
"aight must score, may as well go 6 on 4 here",2026-04-05T04:43:55Z
Okay now take a penalty so we have 4 on 4,2026-04-05T04:43:56Z
Wenn just fire that shit,2026-04-05T04:43:57Z
Divine intervention,2026-04-05T04:44:00Z
OK POWERPLAY IRS THE ONE TO SCORE ON PLEASE,2026-04-05T04:44:01Z
2 goals in 31 games for Eklund and that’s case and point as to why. I really have no answer to his finishing being the way it is ,2026-04-05T04:44:02Z
NOW NOW NOW WE NEED IT FUCKING NOWWWW,2026-04-05T04:44:05Z
"Don’t fuck this up sharks…. 

Edit: they fucked it up….🤦‍♂️",2026-04-05T04:44:07Z
That’s the one that matters!!,2026-04-05T04:44:09Z
Manifesting a Celebrini Powerplay Goal,2026-04-05T04:44:10Z
"If Ekky is fined for every wiff, he'd run out of money by December. ",2026-04-05T04:44:12Z
PPG please please please,2026-04-05T04:44:14Z
"Can we decline the PP?

Also, does Warso pull for the 6 on 4?",2026-04-05T04:44:14Z
Lol.,2026-04-05T04:44:17Z
Please take advantage of this PP 🙏,2026-04-05T04:44:17Z
"Wennberg, Celebrini, Smith(?) you know what to do",2026-04-05T04:44:31Z
Eklund bruh … ,2026-04-05T04:44:32Z
holy fuck how did Eklund miss that completely.,2026-04-05T04:44:34Z
It's so over,2026-04-05T04:44:41Z
Taking it yard,2026-04-05T04:44:43Z
Smitty bro,2026-04-05T04:44:44Z
Bench Smith at this stage my goodness,2026-04-05T04:44:49Z
It’s ok guys they’re just waiting till the last minute to win it😭,2026-04-05T04:44:50Z
wtf smitty,2026-04-05T04:44:52Z
Im rlly getting tired of eklund’s shit man 😑,2026-04-05T04:44:52Z
 will smith.,2026-04-05T04:45:00Z
FUCK. OFFFFFFF.,2026-04-05T04:45:05Z
Are you kidding me,2026-04-05T04:45:06Z
feels like i just got shot ,2026-04-05T04:45:07Z
for fucks sake mannnnnn,2026-04-05T04:45:09Z
smith...come on,2026-04-05T04:45:10Z
Come on come on come on ,2026-04-05T04:45:10Z
Dude smith?!?!?,2026-04-05T04:45:12Z
Oh man I wish I were at the tank hearing the “dun uh” pp theme,2026-04-05T04:45:12Z
We are fucking lost bro,2026-04-05T04:45:14Z
FUCK,2026-04-05T04:45:14Z
WTF IS GOING ON,2026-04-05T04:45:14Z
Smith again. Jesus Christ. ,2026-04-05T04:45:16Z
LAZY pass by will smith cost us the game. Sorry fangirls ,2026-04-05T04:45:17Z
[ Removed by Reddit ],2026-04-05T04:45:17Z
This team is fucking hilarious lol fuck me,2026-04-05T04:45:17Z
"Smith man...


devastating",2026-04-05T04:45:19Z
Now I’m frustrated lol,2026-04-05T04:45:19Z
Absolute joke this team,2026-04-05T04:45:20Z
Fuck's sake,2026-04-05T04:45:21Z
smith what is going on,2026-04-05T04:45:21Z
That was a fucking mess.,2026-04-05T04:45:22Z
we’re cooked,2026-04-05T04:45:22Z
Wtf is happening ,2026-04-05T04:45:23Z
right im gonna go to bed now. I want Reid.,2026-04-05T04:45:23Z
SHIT,2026-04-05T04:45:24Z
Woah people leaving,2026-04-05T04:45:27Z
"Fuck, that's not what I wanted to hear",2026-04-05T04:45:29Z
NO DAMN IT,2026-04-05T04:45:30Z
imma head out 😐,2026-04-05T04:45:31Z
What the actual fuck. ,2026-04-05T04:45:31Z
Fuck,2026-04-05T04:45:32Z
So ugly ,2026-04-05T04:45:33Z
Aw man,2026-04-05T04:45:33Z
Gotta be fucking kidding me!,2026-04-05T04:45:33Z
"Ouch.

What is going on with Smith this game. Dude has been terrible",2026-04-05T04:45:34Z
Welp I’m calling a Preds win (sadface),2026-04-05T04:45:34Z
"Smith fucked that entire powerplay, and the game. Him and Eklund fucking shit the bed",2026-04-05T04:45:35Z
OH MY ,2026-04-05T04:45:36Z
Smith so ass tonight ,2026-04-05T04:45:36Z
FUCKKKKKK,2026-04-05T04:45:36Z
You're going to make Mack cry,2026-04-05T04:45:36Z
lol unbelievable ,2026-04-05T04:45:36Z
What the actual fuck.,2026-04-05T04:45:36Z
Wow.............FUCK,2026-04-05T04:45:37Z
5 goals all glove side,2026-04-05T04:45:37Z
cmon bro,2026-04-05T04:45:37Z
Deflating ,2026-04-05T04:45:38Z
Dogshit ,2026-04-05T04:45:39Z
Smith and Askarov selling tn,2026-04-05T04:45:42Z
good night fam 😔😔😔 we’ll make it next year 😔😔😔😔,2026-04-05T04:45:42Z
rip playoffs you where good ish,2026-04-05T04:45:43Z
Two really bad moves from Will and Mack there,2026-04-05T04:45:45Z
What in the fuck was that,2026-04-05T04:45:46Z
Smith is such a liability when he’s not on ,2026-04-05T04:45:46Z
Shut my laptop so fucking fast bro…,2026-04-05T04:45:48Z
Ffs boys,2026-04-05T04:45:49Z
"Of all the games Smith doesn't get benched, this one makes the least sense",2026-04-05T04:45:51Z
welp ,2026-04-05T04:45:51Z
Just can't have that.,2026-04-05T04:45:52Z
I cant stand smith’s garbage can games,2026-04-05T04:45:52Z
Oh Asky...,2026-04-05T04:45:52Z
PP and they get the better opportunities yet again ,2026-04-05T04:45:53Z
welp,2026-04-05T04:45:53Z
That was a wild 90 secs ,2026-04-05T04:45:53Z
https://preview.redd.it/so2e8gaqxatg1.jpeg?width=1080&amp;format=pjpg&amp;auto=webp&amp;s=4332fed234b39b8b49c92db1e45ff558edf34d62,2026-04-05T04:45:56Z
One of Smitty's worst games. He'll get it figured out but this hasn't been his night at all. ,2026-04-05T04:45:56Z
https://preview.redd.it/s0dzz2eqxatg1.jpeg?width=1079&amp;format=pjpg&amp;auto=webp&amp;s=cea74227ffc466c35ce6749b658ef806e66298ab,2026-04-05T04:45:58Z
Oh my god,2026-04-05T04:45:58Z
I know a thing or two about self sabotage. Hate to see our boys doing it ,2026-04-05T04:45:58Z
between Eklund and Asky... ugh.,2026-04-05T04:45:59Z
Tough game all around ,2026-04-05T04:45:59Z
This team is not ready to be a playoff team ,2026-04-05T04:45:59Z
Bro asky literally cannot make a save glove side LMAO ,2026-04-05T04:46:00Z
Sharks gonna shark,2026-04-05T04:46:01Z
We really need a goalie. ,2026-04-05T04:46:01Z
Straight fucking embarrassing. ,2026-04-05T04:46:01Z
https://preview.redd.it/rl5facyqxatg1.jpeg?width=1080&amp;format=pjpg&amp;auto=webp&amp;s=873a81c866b67f5435925eff3291d037135c9630,2026-04-05T04:46:02Z
https://preview.redd.it/e1fcg3xqxatg1.jpeg?width=747&amp;format=pjpg&amp;auto=webp&amp;s=d343cac3d951727ee4034a1bfb72bd28fff7471e,2026-04-05T04:46:03Z
How is this the game that Will wasn’t benched in? ,2026-04-05T04:46:03Z
That one has to be stopped ,2026-04-05T04:46:05Z
Fuck Eric Haula. All my friends hate former VGK player Eric Haula.,2026-04-05T04:46:05Z
And there it is….the 3rd period sharks showing that they don’t know what the fuck they are doing,2026-04-05T04:46:07Z
"Okay Asky, I've been defending you but what the fuck",2026-04-05T04:46:09Z
![gif](giphy|JtQc9M7l1KUGQ),2026-04-05T04:46:10Z
Unfucking believable ,2026-04-05T04:46:11Z
It’s probably hindsight bias but why the hell didnt Warso call a timeout before that.,2026-04-05T04:46:12Z
Aksy needs to make that save. Yeah Celebrini screwed up but we need a save there. Asky needs to work on his glove this summer.,2026-04-05T04:46:13Z
"Honestly it was bound to happen. The finishes have been appalling. 

We can still recover that, but it’s been pretty rough to watch some of those plays 😔",2026-04-05T04:46:13Z
The dagger 💔,2026-04-05T04:46:14Z
Holy shit worst power play of all time,2026-04-05T04:46:14Z
Blue line turnover into asky being beat gloveside just classic sharks ,2026-04-05T04:46:17Z
Honestly man what the fuck,2026-04-05T04:46:17Z
Just when they gave me hope. They rip it out in the most painful fashion ever. Will Smith has been pissing me off all the fucking turnovers.,2026-04-05T04:46:18Z
Gooooooooooood FUCK OFF PREDS,2026-04-05T04:46:18Z
"Bruh I know he is young, but if there is ever a time to bench Smith it's this PP",2026-04-05T04:46:19Z
Eklund can be gone for some defense this offseason. ,2026-04-05T04:46:20Z
Smith’s passing and Aksy’s glove side are selling HARD tonight I want to cry ,2026-04-05T04:46:21Z
Oh look an easy goal that asky let in,2026-04-05T04:46:23Z
https://preview.redd.it/chg27fntxatg1.jpeg?width=960&amp;format=pjpg&amp;auto=webp&amp;s=54f25aee89dc11c72ecca9cb476476a2a9fa2b52,2026-04-05T04:46:28Z
Smith really sits on top of the dman a lot on powerplays,2026-04-05T04:46:29Z
Worst powerplay ive ever seen lmao,2026-04-05T04:46:31Z
Sad shark noises ,2026-04-05T04:46:34Z
Commentator really blaming askarov on that?,2026-04-05T04:46:36Z
That HAS to be saved. EVERY goaltender has to stop that ,2026-04-05T04:46:39Z
"Look... Asky 100% should've saved that, but 2 high danger shorthanded chances? Wtf is this powerplay? It's been embarrassing",2026-04-05T04:46:47Z
"For a goalie who’s 6’3, every goal he allows he looks like he’s 5’9.",2026-04-05T04:46:52Z
Got downvoted a few games ago for saying Smith feels out of rhythm with the rest of the team at times. Didn’t look good there. ,2026-04-05T04:46:53Z
There goes our 4 game streak…,2026-04-05T04:46:55Z
This is it..,2026-04-05T04:47:01Z
"love asky and know our d-corps needs work, but we're not the oilers. need to figure out how to not constantly be at a 2-3 goal deficit. ",2026-04-05T04:47:01Z
Smith playing lackadaisical.,2026-04-05T04:47:05Z
A5karov strikes again ,2026-04-05T04:47:07Z
i genuinely shed a few tears right there… omfg bruh,2026-04-05T04:47:08Z
Why is Smith still on the ice after the timeout?,2026-04-05T04:47:08Z
Wow. Fucks sake,2026-04-05T04:47:11Z
I am aware that it is okay if they don’t make the playoffs but man would it be nice if they won,2026-04-05T04:47:13Z
[removed],2026-04-05T04:47:14Z
Asky blows ,2026-04-05T04:47:14Z
"That was nothing short of pathetic from the PP. Get possession, Smith adds to his tally of turnovers tonight. Follow that up with at least the 3rd goal Askarov absolutely has to have. What a deflating sequence ",2026-04-05T04:47:16Z
Smith looking lost out there tonight and I truly believe Dickinson doesn't know how to clear the zone.,2026-04-05T04:47:19Z
Anti-clutch 🫩,2026-04-05T04:47:21Z
"Holy fuck



This is unbelievable. I cannot dude what the fuck are you guys doing. Two HORRIBLE smith passes


Macklin fans. Askarov just doesn’t have that shot. What the fuck we misplay at every corner it’s a miracle we got this close to Nashville 
",2026-04-05T04:47:22Z
"That’s bullshit blaming Asky for that conceded goal…

Maybe Will Smith should stop playing scared…",2026-04-05T04:47:22Z
"I'm less worried about Asky there, and much more worried about our 5 guys all failing him miserably on an essential PP",2026-04-05T04:47:32Z
We ain’t it bruh. Fuckkkkkkkk k,2026-04-05T04:47:40Z
2 goals in 2 minutes??? ,2026-04-05T04:47:40Z
Let’s get a quick goal and we’re back in this,2026-04-05T04:47:45Z
![gif](giphy|MFIsOqzodLr7ewnkUb),2026-04-05T04:47:45Z
"Honestly they’ve had so many fucking chances including another amazing shorty chance, they deserved this one.

The sharks have not been on their fucking game. No fucking hustle and bad passes.
",2026-04-05T04:47:47Z
"https://preview.redd.it/s0oa7x60yatg1.png?width=992&amp;format=png&amp;auto=webp&amp;s=b54b8718d76fd76b7fabc3d50b3ba33e9425db35

Sneaked a pick of Warso's timeout gameplan",2026-04-05T04:47:53Z
"Smith fucked that up hard, but what the hell was Orlov doing, slowing down and stopping, giving Haula a path to the net, even though there was already a defender in front with nothing to do.",2026-04-05T04:47:56Z
I dont even blame asky why the fuck are we giving so many odd man rushes up a man,2026-04-05T04:47:59Z
So many basics are missing. I love having competitive hockey in April but they beat themselves in big games. ,2026-04-05T04:47:59Z
Smitty oh my god,2026-04-05T04:48:01Z
SMITH WRAP IT UP BROTHER ,2026-04-05T04:48:01Z
What the hell (of course they pulled Asky for an empty net),2026-04-05T04:48:02Z
I’m convinced they don’t do anything at practice,2026-04-05T04:48:03Z
I’m taking Smitty’s stick. No more stick until he proves he knows how to use it. ,2026-04-05T04:48:04Z
Really lost the DJ here,2026-04-05T04:48:08Z
smith is a pumpkin,2026-04-05T04:48:08Z
PP is so shit. Fire the PP coach ,2026-04-05T04:48:20Z
bruh is Smith playing this game drunk or fucking high?,2026-04-05T04:48:30Z
Does akarov ever let in just like 2?,2026-04-05T04:48:33Z
I’m soooo embarrassed for the people who downvoted me for calling will smith lazy. Sorry he sucks and has blue eyes ,2026-04-05T04:48:38Z
right right rightttt,2026-04-05T04:48:40Z
Ekky whiff and a rare Mack whiff and it’s gg,2026-04-05T04:48:40Z
Okay Smith *also* just kinda weirdly missing the puck has officially convinced me that the Preds just have stronger Etsy witches ,2026-04-05T04:48:41Z
God Smith is absolutely brutal today,2026-04-05T04:48:41Z
Sigh,2026-04-05T04:48:41Z
embarrassing ,2026-04-05T04:48:43Z
Get smith out for real. He has no puck luck today. We don’t want the others to catch that ,2026-04-05T04:48:44Z
Smith needs fucking help,2026-04-05T04:48:45Z
"2 skater advantage and we get one shot off, that’s an accurate summary for this game  ",2026-04-05T04:48:45Z
Smith playing with a broken hand or something? Can't hold onto the puck to save his life,2026-04-05T04:48:48Z
How is Will STILL on the ice? ,2026-04-05T04:48:49Z
![gif](giphy|10UHehEC098kAE|downsized),2026-04-05T04:48:50Z
Thats game.   ,2026-04-05T04:48:52Z
Growing pains.,2026-04-05T04:48:52Z
Smith just not having a good game today.,2026-04-05T04:48:52Z
The empty net fills me with dread,2026-04-05T04:48:52Z
Has Will Smith held a hockey stick before? Fumbling the puck like he's Mario Ferraro tonight.,2026-04-05T04:48:55Z
That may have been Smith’s worse game as a Shark,2026-04-05T04:48:55Z
Mack is gonna cry ,2026-04-05T04:48:56Z
Oh man,2026-04-05T04:48:57Z
Smith is one of the huge reasons we lost tonight,2026-04-05T04:48:57Z
Of course Smith can’t fucking get it. ,2026-04-05T04:48:58Z
"Will Smith for the love of god, can you go 1 shift without a turnover. ",2026-04-05T04:48:58Z
Will Smith useless.,2026-04-05T04:48:59Z
Smith with another piss poor turnover what is going on?!,2026-04-05T04:49:02Z
Smith again,2026-04-05T04:49:03Z
FUCK MY LIFE NOT THE EMPTY NET FOR THE PREDS ,2026-04-05T04:49:04Z
Smith straight up just needs a new stick after this game. That one has holes in it or something ,2026-04-05T04:49:05Z
I hate sports so much ,2026-04-05T04:49:05Z
Fucking garbage last ten minutes. Fucking garbage,2026-04-05T04:49:06Z
Smith 🤙👍🤙👍🤙👍🤙👍🤙👍🤙🤙🤙🤙,2026-04-05T04:49:07Z
Can’t wait to beat the Predators after we’re eliminated from playoffs,2026-04-05T04:49:10Z
riiiiight right right,2026-04-05T04:49:11Z
Askarov needs to go back to the ahl. His glove side needs major work,2026-04-05T04:49:12Z
Lots of pressure on a very young team think it got to them tonight ,2026-04-05T04:49:14Z
Bro wtf is Smith doing?!!,2026-04-05T04:49:17Z
Some lame fans in here. ,2026-04-05T04:49:21Z
Tied it 3-3 and had all the momentum in the world and then they completely shit the bed.,2026-04-05T04:49:22Z
Remember when it was 3-3 and we were so hyped? Welp. Ughhhh,2026-04-05T04:49:22Z
We're never winning against Nashville ,2026-04-05T04:49:23Z
"Oof, insane that Smith was still put there. Just so clearly not his night",2026-04-05T04:49:26Z
Take me out back,2026-04-05T04:49:26Z
"wow... what a breakdown at the end of the 3rd, so many bad mistakes",2026-04-05T04:49:28Z
the one game smith needed to be benched badly  ,2026-04-05T04:49:29Z
Games iced off one of at least a dozen unforced turnovers from Smith tonight. Maybe his worst game of the year. Really bad from start to finish. ,2026-04-05T04:49:29Z
Ned is #1,2026-04-05T04:49:29Z
Fuck my chungus Shark life ,2026-04-05T04:49:33Z
just brutal man,2026-04-05T04:49:34Z
When we tied it up I really thought... 💔,2026-04-05T04:49:34Z
Our defense is so fucking bad. And why are we playing so frantic with a 2 man advantage.nset up our offense for fucks sake.,2026-04-05T04:49:35Z
"Whether they make it or not.

Wiseman needs to be fired. His PP unit is an embarrassment ",2026-04-05T04:49:36Z
"https://preview.redd.it/j50158idyatg1.jpeg?width=970&amp;format=pjpg&amp;auto=webp&amp;s=289c40a347b4c46f8b952854727d07b58988a315

",2026-04-05T04:49:36Z
"A lot of people blaming Will for that shorty, but Asky and Orlov both fucked it. Orlov gave Huala so much room and Asky probably should’ve stopped that",2026-04-05T04:49:37Z
You guys are really gonna blame that on Askarov? Homie is effectively on a break away in alone. Get a grip,2026-04-05T04:49:37Z
Man that blows,2026-04-05T04:49:38Z
"Off all the games smith has gotten benched for this year, this is easily the worst one
Which now begs the question
WHY THE HELL DID WARSO KEEP THROWING HIM OUT THERE",2026-04-05T04:49:41Z
![gif](giphy|AXoCO6P5L0tmAa7n6Z),2026-04-05T04:49:42Z
Smith wasting a generational game by Leddy smh,2026-04-05T04:49:43Z
6-3  its so over,2026-04-05T04:49:43Z
The only positive today in this ass division is the Ducks loss. That's all.,2026-04-05T04:49:43Z
Fuck. All that work to fall apart late. Smith playing like he’s shitting his pants out there,2026-04-05T04:49:44Z
"I was feeling so much better about Warso and then, just when you actually need him to bench Will Smith, he gives him more leniency than any coach has given any player ever. ",2026-04-05T04:49:46Z
Whole game on Smith and Asky,2026-04-05T04:49:46Z
Bro Will Smith. Just a garbage performance. ,2026-04-05T04:49:47Z
Figures the Sharks would be the only team in the Wild Card standings that lose today ,2026-04-05T04:49:49Z
Fuck all y'all that are talking shit about Smith,2026-04-05T04:49:51Z
"Smith, Muhk, and Asky were brutal, but an ugly game all around. ",2026-04-05T04:49:53Z
Someone call the Etsy witches and find out what our deal is with the predators? ,2026-04-05T04:49:53Z
Fuck it. Go Cuda,2026-04-05T04:49:56Z
"fuck me 



Words cannot describe how terrible every nashville game is. It’s horrible we fall apart
",2026-04-05T04:49:57Z
Hot dang these kids are gassed,2026-04-05T04:49:59Z
"Holy ref, wtf are they doing",2026-04-05T04:50:00Z
"Preds ownage of San Jose

![gif](giphy|FoH28ucxZFJZu)",2026-04-05T04:50:04Z
"Smith, Eklund and Asky all had regrettable games",2026-04-05T04:50:10Z
0-15 vs the Preds since 2019 is brutal.,2026-04-05T04:50:13Z
"These young guys aren't ready for the playoffs at all, horrendous showing even if expected/excused. Now for the veterans/bums like Orlost, Toffoli etc.....no excuse for that",2026-04-05T04:50:15Z
What is going on with the boys Mack and smith? Those are a lot of missed passes. ,2026-04-05T04:50:19Z
"Honestly this was a good game and win some lose some.


But I have a bit of a hot take - Will Smith is almost always the one whiffing in big moments and fumbling the puck. It's been egregious in this game but hard not to notice a lot of the time.",2026-04-05T04:50:26Z
I think Will Smith (hockey) may have switched with Will Smith (baseball) today ,2026-04-05T04:50:27Z
I’m starting to heavily dislike Nashville. Fuck these geriatrics,2026-04-05T04:50:33Z
"I don’t think Ferraro has ever beaten Nashville lmao, Goodrow’s the only one.",2026-04-05T04:50:35Z
"It’s been good yall.

Playoff truthers, I’m sorry they blue balled you like this
",2026-04-05T04:50:36Z
"going to have a new pavlovian response to the word ""fanned""  ",2026-04-05T04:50:43Z
Just shoddy work with a lot of missed passes and whiffed shots. The playoffs will return to the tank someday…,2026-04-05T04:50:47Z
Growing pains,2026-04-05T04:50:52Z
https://i.redd.it/tg595wulyatg1.gif,2026-04-05T04:50:53Z
the predators' goalscorers tonight have an average age of 34.25...,2026-04-05T04:50:54Z
More games to come still,2026-04-05T04:50:58Z
Exact same score as last time we played but such different games. ,2026-04-05T04:51:04Z
Sad shark noises 😞,2026-04-05T04:51:04Z
"Hell of a better season than last year. Got work to do, that's for sure",2026-04-05T04:51:15Z
That goal is inexcusable by asky on that shot in a game this big,2026-04-05T04:51:30Z
Oh poor Mack.. he looks absolutely devastated ,2026-04-05T04:51:38Z
"Free my man, he probably did it but we’re already losing ",2026-04-05T04:51:39Z
Will smith was awful tonight . Gotta live with the good and bad with his play ,2026-04-05T04:51:44Z
Everyone enjoy Smith's playoff style performance?,2026-04-05T04:51:51Z
Randy and Drew trying to make us feel better lmaooo. I feel SICK,2026-04-05T04:52:04Z
"Still proud that we fought to get back to 3:3. But damn, that was a tough loss. ",2026-04-05T04:52:14Z
[Post game thread](https://www.reddit.com/r/SanJoseSharks/comments/1scunad/post_game_thread_nashville_predators_san_jose/),2026-04-05T04:52:15Z
I don’t know how Ecklund is off the hook here.  Wide open net with a chance to tie it.  Different game if he puts the puck in an open net.  He”s not snakebit he can’t score.,2026-04-05T04:52:17Z
"My opinions after this:
- Warso doesn’t know how to manage this team. His decision to run the 4th line more than the 1st at the start was foolish. His constant line changes are awful and undermine confidence. 
- Eklund has regressed a bit, I don’t know what has caused it but I don’t think he looks like a first line potential player anymore. I’d be open to trading him.
- Picking Dickinson over Buium was a poor decision, but that’s in the past so we need to get a true #1 defenseman that can break out the puck.",2026-04-05T04:52:36Z
"Askarov had some mistakes, but overall seemed fine. 

Smith was awful tonight my goodness. 
",2026-04-05T04:52:56Z
"Maybe the first game in awhile where you can blame the loss on young guys over the vets (*I mean a Nick Leddy goal, in this economy?!*). This one stings. ",2026-04-05T04:53:25Z
Let’s see if we can pull it back for the next one ,2026-04-05T04:53:31Z
"celebrini knows he shouldn't have gone for that one-timer 

his eyes got too big on that one",2026-04-05T04:53:56Z
"https://preview.redd.it/8ojymip7zatg1.jpeg?width=1145&amp;format=pjpg&amp;auto=webp&amp;s=fc81a7bda84d95e467151b4028f44622a985bbea

At least the Cuda clinched playoffs",2026-04-05T04:54:30Z
Askarov never wins games he just gets saved by the bell ,2026-04-05T04:55:20Z
We need to let Will sit out the season why we try to get a good defensive draft pick ,2026-04-05T04:57:12Z
"Anyone want one of the spider man Celebrini comics? Lol

https://preview.redd.it/9giylno10btg1.jpeg?width=3024&amp;format=pjpg&amp;auto=webp&amp;s=594848e1241a59cd92e8c3432999e533e926bdb4",2026-04-05T04:58:58Z
6-3 scores same as last time,2026-04-05T05:06:26Z
"WILL SMITH “SMITTY” is okay. HE IS STILL A KID. Everyone loves to talk big game but nobody,  not one person puts it in the house. STOP BLAMING #2, he’s far better a player than you will ever be. This is not WILL’s fault. ",2026-04-05T07:17:55Z
"Nobody thought the would ever be so close. This is a young team, give them more time",2026-04-05T07:33:36Z
THEY ARE NOT NEARLY AS CHNAGE,2026-04-05T07:34:54Z
STOP,2026-04-05T07:35:00Z
