body,created_utc
Late season hot streak to sneak into the playoffs?,2026-03-30 10:09:25
"I can’t be at the game tonight so I’m reusing one of my previous game thread photos for moral support. 🦈

(I’m on the east coast right now…cross fingers I can stay awake for a 10pm puck drop 😬😳👵🏻)

https://preview.redd.it/5knnwlqm17sg1.jpeg?width=4284&amp;format=pjpg&amp;auto=webp&amp;s=efb49b2b41cd8e57af7871259207c1dbbc9c31e7",2026-03-30 10:37:21
AYYYYY LETS GO SHARKS,2026-03-30 10:41:02
"Sharks need to win today against the Blues and the Oilers need to beat the Kraken tomorrow. 

Not sure if my math is mathing but if that happens, they’re in the drivers seat? At least for WC2 with less games played? ",2026-03-30 10:47:29
10pm puck drop my time 😭,2026-03-30 10:58:09
"Let's get this bread

https://preview.redd.it/o47b9c3597sg1.jpeg?width=1365&amp;format=pjpg&amp;auto=webp&amp;s=51c252de75756fd4de3be5f9ca57384da325b6d7",2026-03-30 11:18:38
Ojala Cherny carries us to glory,2026-03-30 11:28:25
"CHERNYYYY!!! GET A HAT TRICK, AND MY LIFE…. IS YOURS

https://preview.redd.it/jqp236oic7sg1.jpeg?width=640&amp;format=pjpg&amp;auto=webp&amp;s=dc524358f47131b59a8a528ca0f663f62a9105e4",2026-03-30 11:37:35
Going to this one let’s keep the win streak going,2026-03-30 11:52:24
"well somehow after a 6 game losing streak and having lost every game that we defined as season defining during that stretch, we aren’t dead yet 😭

let’s just have some fun today",2026-03-30 11:54:52
Very excited to finally be able to watch a hockey game at home after a very long trip.,2026-03-30 12:23:36
6 game home stand to show if it's playoffs or draft lottery. I think it's draft lottery with this team comp. But if they win 5 or all 6 then I will change how I feel.,2026-03-30 12:28:53
Cali fin jersey night too.  Glad mine arrived in time.  ,2026-03-30 12:40:15
"Man, ever since 2019, I have had a special hatred for the Blues.",2026-03-30 13:01:45
"https://preview.redd.it/iaw3yr0kx7sg1.jpeg?width=750&amp;format=pjpg&amp;auto=webp&amp;s=9418e6455b8d8574250c2fce15debccefcd969c1

I forgot Klingberg was injured",2026-03-30 13:35:55
Lines the same as the last few games,2026-03-30 13:47:19
Smitty hat trick y'all. Trust.,2026-03-30 13:54:33
I’m just excited to watch our new top line (chillmack) keep building chemistry. Whatever happens is in the team’s own hands. I hope the tank is loud tonight and makes it tough on the blues. The last game was close enough that anything could happen. ,2026-03-30 14:01:08
"I think if the line blending is kept to a minimum they have a chance at a win today, but I’m not going to put money on it because I could be wrong",2026-03-30 14:15:32
I HOPE EVERYONE HAS FUN TONIGHT BUT I HOPE MACKLIN CELEBRINI HAS THE MOST FUN,2026-03-30 16:09:11
Fingers crossed they don’t kill my guy Askarov,2026-03-30 16:11:57
"Selling two tickets, section 123 row 6

$120 for both OBO ",2026-03-30 16:30:46
"East Coast fans, where are you? I'd love to do a watch party when they play at a reasonable hour lol",2026-03-30 17:31:38
"One goal boys. Just the one.  
Finally, I’m able to go to the game tonight. Haven’t been at the Tank since February. One goal so I can hear our gloriously, bland goal song. ",2026-03-30 18:08:29
[deleted],2026-03-30 18:30:20
"4am puck drop in France? Yeah… no chance.
If they win, I’ll watch the replay. If they lose, I’m protecting my mental health lol ",2026-03-30 20:11:03
"SHARKS SHRKS SHARKS SHARKS

SHARKS SHRKS SHARKS SHARKS

SHARKS SHRKS SHARKS SHARKS

SHARKS SHRKS SHARKS SHARKS",2026-03-30 20:24:33
COME THE FUUUUUUUGGGGG ON BOYS!!!!! LET'S GET IT TONIGHT,2026-03-30 20:49:48
So according to last week I have to shower for the entire game...,2026-03-30 20:51:12
"Sharks ended Boston's 13-game home ice winning streak a couple of weeks ago.

Sharks ended Columbus' 12-game home ice points streak over the weekend.

Now it's time for the Sharks to cool off a St. Louis team that's suddenly one of the hottest in the league (16 points in their last 10 games, second only to Philadelphia in that span), and also pay them back for those two bullshit losses from earlier this month.

Let's go boys!!!",2026-03-30 20:56:17
[removed],2026-03-30 21:01:24
My mom says St Louis and San Jose aren’t real hockey teams so I’m just enjoying whatever fake thing is on ESPN at 10 labeled San Jose Sharks vs St Louis Blues,2026-03-30 21:04:32
we're not dead yet!,2026-03-30 21:26:13
"POINTS WATCH

Mack could break 100 points soon. (This season)! He is 2 points short. Smitty is also close at 6 points out (career points).",2026-03-30 21:32:01
Rooting for the lads tonight. I hope they all have fun,2026-03-30 21:33:23
inshallah asky you will be healthy the whole season ,2026-03-30 21:34:32
Manifesting Sunburn with the hat trick,2026-03-30 21:35:58
Gaudie is STOKED about that lego kit.,2026-03-30 21:37:43
Drew knows he talks about goodrow too much? Haha ,2026-03-30 21:38:28
Mic'ing up everyone but my man Sherwood,2026-03-30 21:41:09
Anyone know if the game is gonna be on peacock? I forget if there's a way to watch the games on peacock when they're on nbcsa+,2026-03-30 21:47:04
Any Sharks fans in CO or AZ here? ,2026-03-30 21:48:54
Alright we can’t lose 3 in a row to the blues,2026-03-30 21:52:55
"Pls Asky do not die tonight and let Ned have some real rest

https://preview.redd.it/1e9nk6xgeasg1.jpeg?width=618&amp;format=pjpg&amp;auto=webp&amp;s=3a448c742d012ec46f0d538513a5a3d58c1fa4f7",2026-03-30 21:53:51
One thing I know for sure is that Mack is a fan of the NBC Sports app.,2026-03-30 21:55:49
I MADE IT (showered and everything before the game so i can go tf to sleep as soon as it's over lol),2026-03-30 21:56:44
Calling out Will Smith I see,2026-03-30 21:57:35
Drew is down on the ice! Thank God!,2026-03-30 21:59:07
win. we are so back. lose? thats ok too.,2026-03-30 22:00:03
Which Shark do you think told Randy that Mack was an Alien?,2026-03-30 22:00:55
happy to see Randy supportive of the growing fanbase! have heard some disparaging things by other commentators lol,2026-03-30 22:00:57
i missed hearing randy say yaroslav askarov 🩵,2026-03-30 22:01:55
Yes Macklin did well in the game where he was managed properly uh huh,2026-03-30 22:02:21
me realising im in a blackout reigon for espn today....ugh,2026-03-30 22:03:56
really hope we win in our goth jerseys,2026-03-30 22:04:10
Don't break my heart today dudes 🥲,2026-03-30 22:05:32
Asky I love you so much,2026-03-30 22:06:01
Can’t believe we are still in the fight it’s actually absurd ,2026-03-30 22:07:15
"https://preview.redd.it/wp3u1xkxgasg1.jpeg?width=500&amp;format=pjpg&amp;auto=webp&amp;s=08b1b1f0ecc6da818518539ee207858be6ef7c26

",2026-03-30 22:07:40
please do not let Hofer goalie us tonight 🙏,2026-03-30 22:08:34
"![gif](giphy|sxZCZNYqdEMec)

",2026-03-30 22:09:32
Would be cool if the Sharks scored within 3 minutes ,2026-03-30 22:09:53
Sharks 4-1 Blues ! ,2026-03-30 22:10:18
"I’m glad Ned was able to goalie while Askarov was out again, no offense but wasn’t a fan of the third guy",2026-03-30 22:10:35
"Wait, you mean Warsofsky...didn't change the lines for once?

![gif](giphy|QssC4u6deM4iIMF5NS)

",2026-03-30 22:10:38
WHAT A SAVE OMFG,2026-03-30 22:10:43
I think they fixed the volume issues because that hit Sherwood laid out was loud on the boards ,2026-03-30 22:10:48
YES ASKY ,2026-03-30 22:10:57
ASKY SAVE!!,2026-03-30 22:11:02
our loud ass tank &lt;3,2026-03-30 22:11:04
asky &lt;3,2026-03-30 22:11:08
asky you beauty,2026-03-30 22:11:29
Downvote this comment until Sharks score,2026-03-30 22:11:29
Celebrini nice move drop pass to smith and loses it lol,2026-03-30 22:11:33
Watching this with my mom as I help her with recovering from a broken hip and ankle. Watching hockey together has really been healing to her and me too. Would love a win! ,2026-03-30 22:11:34
watching while i finish my orgo hw lets go sharks!!,2026-03-30 22:11:58
Fucking Leddy christ,2026-03-30 22:12:02
First heart attack complete ,2026-03-30 22:12:03
Man I really love the cali fin jersey,2026-03-30 22:12:06
anyone else's broadcast cut out for a second???,2026-03-30 22:12:24
"Wtf is Will Smith doing, that was a horrendous shift",2026-03-30 22:12:25
horrendous shift there geez.,2026-03-30 22:12:51
Not sure why all 3 forwards on the celebrini line covered the defender who pinched. Lost all the momentum generated,2026-03-30 22:13:01
Nice pass by Misa.,2026-03-30 22:13:07
Tank isn’t full but has some good energy for a Monday night ,2026-03-30 22:13:18
GAUDY SO CLOSE,2026-03-30 22:13:27
Smith going from a great shift to a shocker in four mins lmao ,2026-03-30 22:13:38
"Hofer can you be bad for one second, preferably when we have the puck?🥺",2026-03-30 22:14:01
Hofer you will begin to cough in 5 minutes...,2026-03-30 22:14:13
How tf are we leading in shots...,2026-03-30 22:14:29
I’m grateful for Sherwood,2026-03-30 22:14:33
Tripping?,2026-03-30 22:14:40
"Good hit Eky, need to see more of that.",2026-03-30 22:15:01
i'm a san jose shark and i'm AFRAID of clearing my own zone,2026-03-30 22:15:16
Fuck,2026-03-30 22:15:21
Ffs,2026-03-30 22:15:22
fawkkkk,2026-03-30 22:15:24
damn ,2026-03-30 22:15:25
Okay… don’t panic….,2026-03-30 22:15:26
Gaudettes gotta put that shit in the upper corner,2026-03-30 22:15:27
Sharks are just getting outworked in the d-zone and getting caught tired.,2026-03-30 22:15:29
Smith try not to lose a puck challenge. 3x on one shift he just loses good passes. ,2026-03-30 22:15:31
Ugh ffs,2026-03-30 22:15:33
wtff sherwood???,2026-03-30 22:15:40
yikes ,2026-03-30 22:15:41
BOOOOO.,2026-03-30 22:15:47
thats just a crazy good shot to the opposite side through traffic,2026-03-30 22:15:48
Some good energy moments starting out,2026-03-30 22:15:51
soft goal ,2026-03-30 22:15:54
Gotta save that,2026-03-30 22:15:56
Literally not even 6m in calm down y'all ,2026-03-30 22:15:58
"Tough one from Asky. No screen, no tip. Simply gotta have that one ",2026-03-30 22:16:00
I just want free tacos and I cant get those tacos if we cant score :(,2026-03-30 22:16:00
"Aw do love a rookie goal, just wish it wasn’t against my team lmao",2026-03-30 22:16:13
The Sharks are so good at allowing the first goal,2026-03-30 22:16:15
Smith is looking off so far ,2026-03-30 22:16:16
"I hate that Asky giving up an early one and falling apart mentally has become a trend this year….



And of course a first NHL goal",2026-03-30 22:16:19
Lots of time still.  ,2026-03-30 22:16:19
Cmon asky,2026-03-30 22:16:21
hey guys guess what! another first goal against the sharks for an opposing player!,2026-03-30 22:16:21
Yikes,2026-03-30 22:16:23
fuck offfff,2026-03-30 22:16:24
I can’t stand playing the blues,2026-03-30 22:16:35
Inevitable I suppose,2026-03-30 22:16:43
hey a least its some kids first goal thats nice ig...,2026-03-30 22:16:50
Turnover in the defensive zone? The sharks? Surely not lmao  ,2026-03-30 22:16:50
This top line is so much fun to watch lol,2026-03-30 22:16:51
think we'd lead the league in soft goals allowed ,2026-03-30 22:16:51
Will baby…. I can only defend so much ,2026-03-30 22:16:59
What a fucking recovery by Smith - couldn't shoot the Celebrini pass so he immediatly passes back to Celebrini for a Grade A chance.,2026-03-30 22:16:59
Smith fucking BRUTAL so far,2026-03-30 22:17:00
Will needs to one time that,2026-03-30 22:17:07
FAWK,2026-03-30 22:17:09
We will never get a shutout again,2026-03-30 22:17:12
Lacking that final precision.,2026-03-30 22:17:12
Tank sounds so damn loud! It’s fantastic! ,2026-03-30 22:17:23
"See that’s the type of shot gaudette should have taken

Put it right over the shoulder
",2026-03-30 22:17:37
"Asky has to have that, that was more than stoppable ",2026-03-30 22:17:39
The kids are so creative but pass too hard so they can never take it in stride,2026-03-30 22:17:41
Multiple sus passes in a row there,2026-03-30 22:17:41
SMITH! BUDDY!,2026-03-30 22:17:48
"Every time the Chillmack line (is this what we're calling it?) is in the o-zone, good stuff happens.",2026-03-30 22:18:08
Such a buzzkill when Askarov gives up his daily super soft goal,2026-03-30 22:18:08
the boys are awake but they're playing...messy?? Thats the only way i can describe it.,2026-03-30 22:18:52
Pace has been insane so far. I have no doubt we tie this up soon. ,2026-03-30 22:18:52
Get Smith off the first line for now he is not shooting or even receiving passes well. Mckenna is looking real nice right now lol,2026-03-30 22:19:05
I really hope they win this game for my birthday ,2026-03-30 22:19:12
"https://preview.redd.it/0uhktv80jasg1.jpeg?width=1170&amp;format=pjpg&amp;auto=webp&amp;s=4b42d0ccd0f7043cb1db661154e2cfdbdcaeb21a

c’mon buddy it’s cali fin night you gotta lock in",2026-03-30 22:19:29
"At times, feels like we throw everything but the kitchen sink on offense, come away empty handed, only for the opponent to get a goal on a basic shot.",2026-03-30 22:19:41
Yo is that the motherfucker from game of thrones that was trying to smash Brienne?,2026-03-30 22:19:46
SHOOT THE PUCK!!,2026-03-30 22:19:54
SAM U WILL FET A GOAL TONIGHT,2026-03-30 22:19:56
Big pp energy ✨️,2026-03-30 22:20:28
Why isn’t cherny on the pp1,2026-03-30 22:20:44
"great chip thomas, right out the bunker",2026-03-30 22:20:54
oh boy a pp can’t wait to see a goal right,2026-03-30 22:20:54
We won't tie it up nudge nudge wink wink.,2026-03-30 22:21:06
Would love for Toffoli and Chernyshov to switch on the PP. Chernyshov as bumper would be great.,2026-03-30 22:21:16
Cmon. ,2026-03-30 22:21:19
I've never sat close enough to the glass at PPG to have a chance to get a puck like that. I would lose my mind if I got one.,2026-03-30 22:21:39
It would be nice if they won tonight for my husband’s birthday..  although he’s a Canucks fan lol 😂 ,2026-03-30 22:21:40
"sorry, was that... beethoven??",2026-03-30 22:21:47
WENNY &lt;3,2026-03-30 22:21:59
sharks threatening a power play lol,2026-03-30 22:22:05
Stop passing and shoot please,2026-03-30 22:22:05
great shit wenny,2026-03-30 22:22:06
WENNYYYYYYYY,2026-03-30 22:22:06
PRETTY GOAL BY PRETTY MAN,2026-03-30 22:22:07
YESSSS,2026-03-30 22:22:09
OMG RARE SHARKS PP GOAL YES WENNYYYY,2026-03-30 22:22:10
crazy our PP actually does something when we shoot 😭😭,2026-03-30 22:22:10
WENNY MY BELOVED,2026-03-30 22:22:12
Gooooooo,2026-03-30 22:22:12
WWWWenny,2026-03-30 22:22:14
I think the Tank has my favorite goal horn,2026-03-30 22:22:16
What a fucking stud blue steel I love you,2026-03-30 22:22:16
thank you wenny,2026-03-30 22:22:17
Good fucking shit wenny,2026-03-30 22:22:18
"![gif](giphy|SvyJE0LgEut3RuDnQv)

",2026-03-30 22:22:27
Everyone say thank you mister Wennberg,2026-03-30 22:22:28
WTF WENNBERG SHOOT THE PUCK okay that kinda works,2026-03-30 22:22:28
The rare pp goal wow,2026-03-30 22:22:29
That was a shockingly competent powerplay ,2026-03-30 22:22:31
"WENNNYYY

![gif](giphy|CX9f0Zl9mXVjf72QN0|downsized)",2026-03-30 22:22:35
"A goal? On OUR PP??


Okay, Wenny.",2026-03-30 22:22:37
WENNYYYYYY,2026-03-30 22:22:38
TYLER TOFFOLI GENIUS!! ,2026-03-30 22:22:42
oh AI goal song…. how i didn’t miss you,2026-03-30 22:22:43
NHL should nominate Wennberg for charity more often 😆 ,2026-03-30 22:22:43
The tank sounds loud on tv ! ,2026-03-30 22:22:46
WENNBERG,2026-03-30 22:22:47
WENNY MY BELOVED,2026-03-30 22:22:48
PP GOAL I DREAM OF DAYS LIKE THESE,2026-03-30 22:22:50
Wennberg is a fucking stud. I'm so happy we're keeping him around.,2026-03-30 22:22:51
i love you ALEX WENNBERG,2026-03-30 22:22:52
god i love wenny so much,2026-03-30 22:22:53
Super lucky but we’ll take it,2026-03-30 22:22:53
WENNBERG!!! REVERSE-JINX IS BACK BABY!,2026-03-30 22:22:58
WENYYYY!!!!! LETS GO THAT'S MY TEAM TRANS COACH LFGGOOOOOOOOOOOOOOOOOOOO,2026-03-30 22:22:58
WENNY!!!,2026-03-30 22:23:04
Randy with the reverse curse!,2026-03-30 22:23:07
Known Nice Guy Wenny with the PP!,2026-03-30 22:23:09
Fortunate there but we’ll take it. Back to back games with a PP goal. Feels like it’s been a while since that happened ,2026-03-30 22:23:10
Wenny !!,2026-03-30 22:23:10
That’s our really really really really ridiculously good looking Swede,2026-03-30 22:23:14
100 POINT WATCH FOR CELLY,2026-03-30 22:23:14
LET'S GO WENNY,2026-03-30 22:23:18
"Mack will break 100 points today, trust ",2026-03-30 22:23:21
Wow the “jam” play from the goal line actually worked for once. Pigs must be flying,2026-03-30 22:23:23
Another point (99th!) for Macklin Celebrini ,2026-03-30 22:23:25
Another point for macklin only 1 more needed,2026-03-30 22:23:25
hope we have a diff goal song next season🫪,2026-03-30 22:23:27
Mack's 100th on a goal mark my words...,2026-03-30 22:23:29
Wenny has goals and good hair and clear skin and I just know his crops are watered and flourishing. What a king. ,2026-03-30 22:23:30
That was straight-up nasty,2026-03-30 22:23:32
alex wennberg has kind eyes and a nice smile thats why he scores goals its the goodness in his soul manifesting ,2026-03-30 22:23:37
Playing my karaoke song 😭,2026-03-30 22:23:41
Celebrini is on that century watchhhh,2026-03-30 22:23:59
Lmao the little kick out of the face off ,2026-03-30 22:23:59
The greatest 99 associated with hockey ,2026-03-30 22:24:00
"https://preview.redd.it/yf3pzm4vjasg1.jpeg?width=1170&amp;format=pjpg&amp;auto=webp&amp;s=0b5f66403f31b65b331a0ca1247daac8fc4d9dd2

",2026-03-30 22:24:07
"I'm not ashamed to admit it, hearing Power Bite after all this losing was a balm to my weary soul.",2026-03-30 22:24:07
Can Sherwood stop passing it to the blues wtf is going on,2026-03-30 22:24:18
i was just about to criticize toffoli and wennberg on the power play as well… oh well nice goal keep scoring and i’ll have nothing to say,2026-03-30 22:24:22
Wenny only has 15 goals this year? Feels like he’s been scoring all the time. I still think he’s been our 2nd best player this year. ,2026-03-30 22:24:28
big shakir ,2026-03-30 22:24:37
Muk getting a lot of ice time? Warso turned a new leaf? I notice he's also playing LD and Ferraro is RD now.,2026-03-30 22:24:38
Mack’s getting 100 tonight,2026-03-30 22:24:38
https://preview.redd.it/cc7ref4zjasg1.jpeg?width=1080&amp;format=pjpg&amp;auto=webp&amp;s=5821a1504e920fb964dd70ddf2ceea2c95175463,2026-03-30 22:24:42
"“I’m Alex Wennberg, I’m super hot and I have a beautiful family and I’m an Olympian and I’m a woke king and I just scored my 15th goal of the year”

🙄

Leave some for the rest of us, dude. ",2026-03-30 22:24:55
????,2026-03-30 22:25:01
Pretty cool to probably see some hockey history tonight with Macklin’s first 100 point season. ,2026-03-30 22:25:10
A Wenny goal is my favorite way to start the week,2026-03-30 22:25:30
Is Eky's stick short af or am I trippin ?,2026-03-30 22:26:23
"I’ve been jonesing hard for Celi points. Feels good to see em coming again. 
Actually, is it normal to get this much dopamine from watching a superstar like this?",2026-03-30 22:26:33
Misa is such a stud,2026-03-30 22:26:50
hell yeah misa!,2026-03-30 22:27:08
Misa is a dawg,2026-03-30 22:27:26
"Misa is gonna so fucking good, we gotta figure out what kind of linemates mesh with him. ",2026-03-30 22:27:33
I mean they said Wenny was gonna end up second in points this season right which really means first if you drop the outlier sooooo,2026-03-30 22:27:34
Unc (I'm older than him) actually taking shots??,2026-03-30 22:27:39
"I know Toff has occasional good games still. But I'm dying to see Graf-Misa-Gaud line, it killed early in the season, and they just seem to have natural chemistry",2026-03-30 22:27:54
Y'all can go back and upvote my comment now,2026-03-30 22:28:30
So does Macklin get a party for breaking 100 (I believe he can break 100),2026-03-30 22:28:57
what in the faceoff formation,2026-03-30 22:29:44
"Man I still love Karlsson, glad he's on the Pens ",2026-03-30 22:30:04
If Macklin gets to 100 points we have to win for celebratory purposes 🙂‍↕️,2026-03-30 22:30:06
Why is the stream less stable than my sanity?,2026-03-30 22:30:06
Team playing great but still trying to be too pretty in the O-zone. ,2026-03-30 22:30:40
I would like Adam Gaudette to score ,2026-03-30 22:31:00
"obligatory ""eky goal tonight please"" comment",2026-03-30 22:31:02
"Wenny is on track for his second highest season pt total and is also the best defensive forward on the team. Look at his QoC bars. WillMack have gotten slightly harder d-men matchups which makes sense, but Wennberg has gotten slightly harder forward line matchups.

https://preview.redd.it/4z7bqdfrkasg1.png?width=1874&amp;format=png&amp;auto=webp&amp;s=89ba2ff3105f144b6ad65bec702fc6f4d3c74df9

",2026-03-30 22:31:07
Leddy has been a pleasant surprise these last few games,2026-03-30 22:31:11
why do we look good ,2026-03-30 22:31:12
great hustle by barclay. lets goooo,2026-03-30 22:31:27
LMAO HOW DO YOU INTERFERE WITH GOODROW,2026-03-30 22:31:34
Eklund's been making a bit of havoc in front of the net. I bet he gets one tonight.,2026-03-30 22:31:38
good shit goodrow,2026-03-30 22:31:42
Outshooting to is crazy ,2026-03-30 22:31:47
Lmao the kid chirping him behind the box ,2026-03-30 22:31:58
Goody kinda goated for that ,2026-03-30 22:32:01
I need that 100th Celebrini point bro,2026-03-30 22:32:05
Why do we always go for the cross-crease/cross-slot pass through traffic instead of just driving the net with the puck. It’s infuriating. ,2026-03-30 22:32:07
holding goodrow should mean laps next practice fo dvorsky,2026-03-30 22:32:12
Let’s go put it in the net again Boys!,2026-03-30 22:32:21
100 POINTS FOR MACKKKKK,2026-03-30 22:32:44
OstApchuk,2026-03-30 22:32:44
MACKLIN,2026-03-30 22:32:45
100!!!!!,2026-03-30 22:32:47
macklin partyyyyyyyy,2026-03-30 22:32:50
100 POINTS MACKLIN CELEBRINIIIII,2026-03-30 22:32:52
100 POINTS!!!!!!!,2026-03-30 22:32:54
MACKIE!! 100!!!,2026-03-30 22:32:54
FUCK YEAH,2026-03-30 22:32:54
LETSSS GOOOOO MACKKKKKKK,2026-03-30 22:32:55
One Hundo!,2026-03-30 22:32:55
nice PP very nice ,2026-03-30 22:32:56
Is it magic? Is it magic that's happening right now??,2026-03-30 22:32:57
LETS FUCKING GOOOOOO MACK,2026-03-30 22:32:57
"did randy just say...""sus""?",2026-03-30 22:32:59
ONE FUCKING HUNDRED!!!!!!!,2026-03-30 22:33:00
100 POINT!!!,2026-03-30 22:33:00
100 POINTS !!!!!!!,2026-03-30 22:33:03
YESSSSSS 100th POINT FOR MACKLIN MOTHERFUCKING CELEBRINI ,2026-03-30 22:33:03
"MACKLIN'S 100!!!!

https://preview.redd.it/isfacwoglasg1.jpeg?width=1080&amp;format=pjpg&amp;auto=webp&amp;s=37415413053d1bc192a3556bc448aadfefd5c259",2026-03-30 22:33:03
"It's almost like just shooting works, Mack. ",2026-03-30 22:33:03
ONE HUNDRED!!! THE GOAT,2026-03-30 22:33:06
i’m nervous in a good way ,2026-03-30 22:33:08
Sometimes you make 100% of the shots you make,2026-03-30 22:33:10
MACK 100 fucking points ,2026-03-30 22:33:12
100 POINTS!!! ,2026-03-30 22:33:13
LETS FUCKING GOOOO,2026-03-30 22:33:15
Love that we are getting the puck down to the lower slot (or whatever it’s called) on the PP. Teams continue to do that against us with success ,2026-03-30 22:33:16
plan the parade 🗣️🗣️🗣️,2026-03-30 22:33:17
100 PTS LFG MACKY!!!!!! ,2026-03-30 22:33:17
100!!!!!,2026-03-30 22:33:20
CELEBRINI!!! 100 POINTS FOR DA GOAT!!,2026-03-30 22:33:22
OMG,2026-03-30 22:33:23
🎉🎉🎉🎉🎉100 POINTS FOR MACK!!! So glad he got it at home too and could hear our fans cheer!!!,2026-03-30 22:33:24
"honestly our best % at a goal might be just in front of their blue line, i have seen it alot the last 10 games or so

(alot compared to shots not going in lol)",2026-03-30 22:33:26
AHHHHH 100! AHHHHHH!,2026-03-30 22:33:27
3rd Shark ever to do that. That’s my generational star 💫 ,2026-03-30 22:33:28
ONE HUNDREEEEEED,2026-03-30 22:33:28
Holy shit!! What’s a shot ,2026-03-30 22:33:29
THAT'S 100 POINTS FOR MACKLIN CELEBRINI,2026-03-30 22:33:29
TRY NOT TO SAY GOAT,2026-03-30 22:33:31
100!!!!!!!!!,2026-03-30 22:33:31
"MACKLIN 100

![gif](giphy|J9kuUE9DosPeuAvGwU)",2026-03-30 22:33:31
YESSSSSS BOYSSSS,2026-03-30 22:33:33
AAAAAAAAAAAAAAAAAAAAAAAAAAAAA,2026-03-30 22:33:33
I upset my cat with how I yelled ,2026-03-30 22:33:41
MACKLIN 100 POINTS WE ARE WITNESSING HISTORY 😭😭😭😭,2026-03-30 22:33:42
On their Feet at the Shark Tank!!!,2026-03-30 22:33:42
So pretty too ,2026-03-30 22:33:43
Our goat just got 100!!!,2026-03-30 22:33:43
MACK 100 POINTS!!!!!!! 🦈🦈🦈🦈,2026-03-30 22:33:43
does the crowd know it's his 100 pt?,2026-03-30 22:33:44
CONGRATULATIONS TEENAGE JESUS,2026-03-30 22:33:44
ALL HAIL THE GOLDEN GOD,2026-03-30 22:33:45
MACK LETS FUCKING GOOOOOOOOOOOOOOOOOOOOOOOOOOOOO,2026-03-30 22:33:45
100 points in game 71 for 71,2026-03-30 22:33:48
https://preview.redd.it/al00qeollasg1.jpeg?width=1290&amp;format=pjpg&amp;auto=webp&amp;s=6cc939b405cce9241d01e3570a18b0af37cc88d0,2026-03-30 22:33:49
MACKLIN!!!!!! CELEBRINI!!!!!!!!!!!!!!!!!!!,2026-03-30 22:33:50
"![gif](giphy|AhgQdQqF0nwPiZkGPc)

",2026-03-30 22:33:50
https://preview.redd.it/7rz05jollasg1.jpeg?width=879&amp;format=pjpg&amp;auto=webp&amp;s=52823a444b1d903b4bfeaa2ea777d31b814f49b9,2026-03-30 22:33:51
There it fucking is,2026-03-30 22:33:52
![gif](giphy|lT5gsHYBNAsO90x2bX),2026-03-30 22:33:52
Wish Smith assisted on it but outstanding.,2026-03-30 22:33:53
MACKLIN CELEBRINIIIIII YOU DOGGG,2026-03-30 22:33:58
First of many baby!!!,2026-03-30 22:34:00
MACKLIN 100 POINTS,2026-03-30 22:34:02
100 POINTS FOR THE BABY GOAT,2026-03-30 22:34:03
IM SO PROUDDDD GO MACK,2026-03-30 22:34:07
oh lmao they had that 100 pt screen READY,2026-03-30 22:34:09
"Hes nasty with that shot, plus its great to see my goat reach 100 points",2026-03-30 22:34:11
"100 POINTS BABY

https://preview.redd.it/v9mvoc5olasg1.jpeg?width=1080&amp;format=pjpg&amp;auto=webp&amp;s=16b5efe7e6cddefdeda1047b12f5e71d176ba1c7",2026-03-30 22:34:12
the mvp chants!!!!,2026-03-30 22:34:12
"https://preview.redd.it/79rpcnknlasg1.png?width=1290&amp;format=png&amp;auto=webp&amp;s=e047b5a32761350dee3ca29acf814eb3fafde246

",2026-03-30 22:34:12
holy i can barely hear drew and randy over the crowd,2026-03-30 22:34:13
mvp chants so loud im getting chills ,2026-03-30 22:34:13
"https://preview.redd.it/td9q077nlasg1.jpeg?width=1179&amp;format=pjpg&amp;auto=webp&amp;s=22065f9c1797f82bda9c14d2f825807cfd1d5100

Oh Captain my Captain! MVP MVP MVP",2026-03-30 22:34:15
"https://preview.redd.it/cpwmtkgolasg1.jpeg?width=1080&amp;format=pjpg&amp;auto=webp&amp;s=2c4eca3c576f2e938f376d2045be548af435b1a1

",2026-03-30 22:34:16
MVP MVP MVP,2026-03-30 22:34:21
What is the crowd saying? MVP?,2026-03-30 22:34:22
Number 100 for cele !!!!!!!!!!!!!!!!,2026-03-30 22:34:22
MVP chants tank is loud,2026-03-30 22:34:22
100 FOR MACKLIN LET'S FUCKING GOOOOOO,2026-03-30 22:34:25
how did I manifest that wow my power,2026-03-30 22:34:28
LETS FUCKING GO CELE!!,2026-03-30 22:34:35
"...in game #71, no less...",2026-03-30 22:34:43
MVP CHANTS LETS GOOOOOO,2026-03-30 22:34:43
the kid is at 100 🥹🥹🥹🥹🥹🥹🥹🥹🥹🥹,2026-03-30 22:34:44
I love how he barely even celebrates. So locked in 🗿,2026-03-30 22:34:47
SHAAAARKKKKSSSSSSS GOAL,2026-03-30 22:34:48
THE TANK IS LOUD ! :D,2026-03-30 22:34:49
💉💉💉💉💉,2026-03-30 22:34:53
The whole tank chanting mvp is fucking awesome,2026-03-30 22:34:55
MVP chants at the Tank my friends. ,2026-03-30 22:35:00
GO MACKLIN ,2026-03-30 22:35:15
"Normally, I HATE those MVP chants, but with Mack that feeling is different. I can't imagine anyone arguing that.",2026-03-30 22:35:18
I still can’t believe he plays for my team 😭😭😭😭 ,2026-03-30 22:35:27
"keys to the game? fuck that, give mack keys to the city",2026-03-30 22:35:40
So excited about Mack's 100 that I didn't even notice Wenny got a part of that!,2026-03-30 22:35:47
100 POINTS FOR MACK!!!,2026-03-30 22:35:52
I think I might cry for real,2026-03-30 22:35:53
First career goal was a funny bounce against St. Louis. I love that he's making a habit of that.,2026-03-30 22:36:02
back to back pp goals and mack the first shark in 35 years to have a 100 point season we're so back babbyyyyy,2026-03-30 22:36:08
"Fucking beautiful shot. Gah, I love these guys.",2026-03-30 22:36:14
i feel like orlov would have deserved an assist for this,2026-03-30 22:36:18
I just want Mack to get some votes for the hart,2026-03-30 22:36:38
So proud I could cry 😭🦈,2026-03-30 22:36:49
The crowd is SO loud I love it 🥹,2026-03-30 22:36:53
Haven’t gotten chills from a sharks game in a while after hearing those MVP chants ,2026-03-30 22:37:17
"https://preview.redd.it/1nu8m398masg1.jpeg?width=828&amp;format=pjpg&amp;auto=webp&amp;s=b5fea1aca2e40df737cca53113b2edb5f52f954b

100 points!",2026-03-30 22:37:28
I’m so glad I managed to wake up for this ,2026-03-30 22:37:33
"I think Macklin and Bedard are both great.

But I’m glad we got #71. The 200 foot game combined which the skill of a 1st liner and the motor of a 4th liner is like nobody else",2026-03-30 22:37:54
uncle toff getting the puck 🥹,2026-03-30 22:37:59
Drew “Pucks to the Net” Remenda,2026-03-30 22:38:10
go mack goooooo,2026-03-30 22:38:29
Macklin!!!,2026-03-30 22:39:09
sherwood i . ,2026-03-30 22:39:16
Fucking travesty shift by Leddy dear fucking god,2026-03-30 22:39:19
hey Mack you know what would make this 100 point milestone game even sweeter... a cheeky little hatty ,2026-03-30 22:39:25
All my homies hate Mailloux,2026-03-30 22:39:25
Wtf happened lmao,2026-03-30 22:39:27
sloppy shift from the vets an absolute giveaway ,2026-03-30 22:39:27
iiiinteresting......,2026-03-30 22:39:29
another wasted first like shift bc the d cant make a clean breakout ,2026-03-30 22:39:33
"Atrocious turnover, my god.",2026-03-30 22:39:33
Yeesh what a weak shift ,2026-03-30 22:39:36
oh come ON,2026-03-30 22:39:37
"yikes, not a good miss by sherwood",2026-03-30 22:39:37
Orlov is so fucking bad,2026-03-30 22:39:45
ugh,2026-03-30 22:39:47
Aw what the hell,2026-03-30 22:39:53
What is up with the shot to goal ratio???,2026-03-30 22:39:55
yikessss,2026-03-30 22:39:55
The sharks do love sharing the puck around huh ,2026-03-30 22:40:01
I just tuned in to that?? ,2026-03-30 22:40:03
Imagine having a good defense ,2026-03-30 22:40:09
The fuck did I just watch😭,2026-03-30 22:40:10
guys what are we doing…,2026-03-30 22:40:11
Complete breakdown. ,2026-03-30 22:40:11
oh fuck off,2026-03-30 22:40:13
Sharks D men have to lead the league in assist on opponents goals lol,2026-03-30 22:40:16
sorry what was that,2026-03-30 22:40:17
San Jose Turnovers,2026-03-30 22:40:19
i love asky but he had to get that one :(,2026-03-30 22:40:20
Sherwood turnover earlier. Orlov turnover now. ,2026-03-30 22:40:21
Orly….,2026-03-30 22:40:23
Absolutely brutal turnover ,2026-03-30 22:40:25
Those turnovers are so damn predictable ,2026-03-30 22:40:27
This will only fuel the fire,2026-03-30 22:40:30
"Orlov will not get punished, don't worry...",2026-03-30 22:40:33
There’s no stopping that tip but Asky is going to get so down on himself,2026-03-30 22:40:34
Why can't we just enjoy a night? Just once.,2026-03-30 22:40:36
Can we please not kill the momentum after a goal so damn soon????? ,2026-03-30 22:40:39
2 goals out of 3 shots?,2026-03-30 22:40:46
"Completely expected with how sloppy every defender has possessed the puck the past 2 minutes. Jesus Christ that was painful to watch between Leddy, Dick, and Orlov",2026-03-30 22:40:47
What a softie,2026-03-30 22:40:52
I can't wait to see our D next season.,2026-03-30 22:40:52
"Orlov has arguably been their worst D-Man since the road trip.

That’s terrifying to say ",2026-03-30 22:40:54
eks cmon,2026-03-30 22:40:58
Celebrini gets the crowd hyped followed by a brutal D zone turnover leading to a goal. 2025-26 Sharks Hockey in a nutshell.,2026-03-30 22:41:01
"Orlov’s been a turnover machine lately. Had another brutal one last game that led to a goal. 

Still need Asky to come up with one, if not both of those saves. 

Been the much better team so far but turnovers have kept the Blues in this one early.",2026-03-30 22:41:08
wtf was that clear by Ferraro ,2026-03-30 22:41:13
Rookie mistake from our most experienced defenseman. I wouldn't do that shit in AYSO. ,2026-03-30 22:41:21
"Cue the RHCP ""give it away, give it a way, give it away, give it away now""",2026-03-30 22:41:21
really good period but we can’t stop getting in our own way ,2026-03-30 22:41:22
Orlov turnover lead to opponent score tale as old as time,2026-03-30 22:41:43
"I know we don't have any other options, but Orlov needs to sit for a game to get his head straight. He's killing us with the turnovers right now.",2026-03-30 22:41:50
Drew hates our D so bad lmfaoooo I'm crying,2026-03-30 22:41:54
This team is unwatchable when celebrini is off the ice unfortunately ,2026-03-30 22:42:17
misa you WILL get a goal today im feeling the energy for you.,2026-03-30 22:42:37
Drew saying “Warsofsky is furious” with that turnover goal fills me with dread. But also curiosity to how much the camera operators are not showing us.,2026-03-30 22:42:38
"Orlov you were supposed to play better with Klingturd sitting, not become him",2026-03-30 22:42:47
Ok Leddy low key sick pass my guy ,2026-03-30 22:42:53
"Failed breakouts that result in defensive zone turnovers are probably the biggest problem the Sharks have, more so than any other defensive issue. It's why I really want to see someone like Cagnoni up, even if he can't clear the crease all he has to do is get the puck out of the zone and the Sharks legitimately have a few more wins than they currently do.",2026-03-30 22:43:04
AHDNNFKDKDJDBBDBDBDBD SS,2026-03-30 22:43:15
MACKKKKKK HES COOKING,2026-03-30 22:43:15
THAT WAS SICK,2026-03-30 22:43:16
NICK LEDDY FOR NORRIS,2026-03-30 22:43:16
WHAT A GOALLLLL,2026-03-30 22:43:21
MACK CARRY US TO THE PLAYOFFS BABY,2026-03-30 22:43:22
"https://preview.redd.it/z37mymx9nasg1.jpeg?width=258&amp;format=pjpg&amp;auto=webp&amp;s=c19a0dc658d08fd9d01f50a955b886c5f08009d4

",2026-03-30 22:43:23
HAT TRICK WATCHHHGGG,2026-03-30 22:43:23
"MACKLIN MF CELEBRINI

![gif](giphy|J9kuUE9DosPeuAvGwU)",2026-03-30 22:43:24
"Asky should have had the first, but the second was tipped. You can’t really blame the goalie for tip ins, especially when he’s moving.",2026-03-30 22:43:25
MACKIE!! ,2026-03-30 22:43:26
MACK HATTY WATCH,2026-03-30 22:43:26
MACKLIN ON HATTY WATCH!!!!,2026-03-30 22:43:27
Leddy masterclass,2026-03-30 22:43:29
NICK LEDDY THE NEXT EK65,2026-03-30 22:43:29
Awesome assist by Leddy on that one,2026-03-30 22:43:30
WHAT A SICK PASS FROM LEDDY!!!   WTF??!!??,2026-03-30 22:43:31
https://preview.redd.it/7n8bxt6cnasg1.jpeg?width=1080&amp;format=pjpg&amp;auto=webp&amp;s=6a0f5c38f34fa39cb094499ff01de9c12a89071c,2026-03-30 22:43:33
Leddy did something??? ,2026-03-30 22:43:34
HOLY SHIT MACK!!!!,2026-03-30 22:43:35
was about to shit talk leddy because why he out there consistently with our first line but i fear he gets a pass,2026-03-30 22:43:37
MACK HATTY WATCH!,2026-03-30 22:43:38
What a pass. What a goal!,2026-03-30 22:43:39
Elite dish by Leddy ,2026-03-30 22:43:40
CELLY HAT TRICK?????????????????????? CAN WE DO IT. YES WE CAN!!!!!!!!!!,2026-03-30 22:43:40
AN ACTUAL PLAY FROM LEDDY?????????????????????????,2026-03-30 22:43:41
NICK LEDDY ELITE ASSIST LOL,2026-03-30 22:43:41
EXACTLYYYYY,2026-03-30 22:43:44
MACKLIN ARE YOU FOR REAL,2026-03-30 22:43:44
NICK FUCKING LEDDY,2026-03-30 22:43:45
Mack will not have the D ruin his night,2026-03-30 22:43:45
"NICK LEDDY DRIVING ASSIST?! 

",2026-03-30 22:43:45
MACK OH MY GOD OH MY GOD,2026-03-30 22:43:45
"Did they just ACCIDENTALLY play the old goal song , wat?!",2026-03-30 22:43:46
"https://preview.redd.it/xygioujdnasg1.jpeg?width=1170&amp;format=pjpg&amp;auto=webp&amp;s=6f8d75db9a5c00841d44327a124a521a9e02d18a

",2026-03-30 22:43:47
okay leddy i see you,2026-03-30 22:43:49
God I love this kid,2026-03-30 22:43:51
Celebrini hatty? 🥺👉🏽👈🏽,2026-03-30 22:43:51
https://preview.redd.it/lhssxh1enasg1.jpeg?width=948&amp;format=pjpg&amp;auto=webp&amp;s=fabd6dd49f67fc94ffff38f4827ddc292e5f32b1,2026-03-30 22:43:52
Calling it now. We are getting a celebrini hat trick tonight! ,2026-03-30 22:43:52
Leddy has had quite the resurgence since coming back. ,2026-03-30 22:43:52
A MACKLIN HATTY WOULD BE INSANE,2026-03-30 22:43:52
What a god,2026-03-30 22:43:52
MACK ATTACK!!!! HATTY WATCH!!!!! ,2026-03-30 22:43:52
HAT TRICK INCOMING? ,2026-03-30 22:43:53
yeah Macklin is breaking Jumbo's record ,2026-03-30 22:43:53
DID THEY JUST PLAY THE GOOD GOAL SONG FOR TWO SECONDS? I AM FURIOUS. ,2026-03-30 22:43:55
HOLY SHITTTTTT,2026-03-30 22:43:57
"Leddy, I apologize, I wasn't familiar with your game.",2026-03-30 22:43:58
Macklin fucking celebrini point 101 ties Erik karllson,2026-03-30 22:44:00
Leddy terrible play in Defensive zone but amazing play in offensive zone lets go lol,2026-03-30 22:44:01
MACK HATTY WATCH,2026-03-30 22:44:02
dj so hyped he played the wrong song LOL,2026-03-30 22:44:02
hat trick pls pls pls pls pls pls,2026-03-30 22:44:04
Why has Leddy lowkey been a W machine recently?,2026-03-30 22:44:05
Legendary passer nick leddy,2026-03-30 22:44:06
"THIS FUCKING KID   
WE MAY NEVER LOSE AGAIN",2026-03-30 22:44:08
IN ONE PERIODDDDDDDDD,2026-03-30 22:44:09
Ol man Leddy??? What a shot!,2026-03-30 22:44:09
Hatty watch !!! 👀,2026-03-30 22:44:11
Nick mother fucking Leddy,2026-03-30 22:44:13
DICK LENNY FOR NORRIS,2026-03-30 22:44:14
"Macklin: “You guys don’t wanna go to the playoffs, I’ll get us there my FUCKING self!”",2026-03-30 22:44:15
This is gonna be a high scoring game huh,2026-03-30 22:44:15
OH MY GOD CELE!!,2026-03-30 22:44:17
"He's just so fucking good, man.",2026-03-30 22:44:17
Mack might have 125 points by now if we hadn't waived playmaker Nick Leddy midseason!,2026-03-30 22:44:18
MACKLIN HATTY PLEASE,2026-03-30 22:44:21
Mack makes the great defensive break up and Leddy makes the great offensive setup. Am I dreaming?,2026-03-30 22:44:22
Pucks and bodies to the net! Why can't they do that every time?,2026-03-30 22:44:25
dude jumbo's gonna evict celebrini at this rate,2026-03-30 22:44:25
MACKLIN,2026-03-30 22:44:26
Holy shit,2026-03-30 22:44:27
HOLY SHIT I CANT BELIEVE THIS HATTY WATCH FOR MACKLIN,2026-03-30 22:44:27
nick leddy simply threw the puck across the goal mouth. and macklin arrived to save the day,2026-03-30 22:44:32
MACK ON HATTY WATCH LADIES AND GERMS,2026-03-30 22:44:32
leddy…? is not bad…?,2026-03-30 22:44:33
Nick MFing leddy 🔥🔥,2026-03-30 22:44:34
"# MACKTRICK WATCH!!!

https://preview.redd.it/xlxt4csinasg1.jpeg?width=1320&amp;format=pjpg&amp;auto=webp&amp;s=9da04622ac8112ff53a2bc659c262f339624ee75

",2026-03-30 22:44:36
DID I JUST WITNESS AN ELITE PASS FROM NICK LEDDY!???,2026-03-30 22:44:37
Chillmack line is feasting.,2026-03-30 22:44:38
"https://preview.redd.it/equ7hikinasg1.jpeg?width=1206&amp;format=pjpg&amp;auto=webp&amp;s=5493de65ccc3c679886992f838540f070ad3d119

hatty incominggggg",2026-03-30 22:44:38
Aw wish Mack shot that lol,2026-03-30 22:44:39
leddy has been playing alright as of recent.... ,2026-03-30 22:44:40
i wanna cry fr that’s our guy ,2026-03-30 22:44:42
Leddy is my second favorite player. I’m always saying this ,2026-03-30 22:44:43
Let’s gooo!! Maybe this time don’t gift wrap them another goal ,2026-03-30 22:44:45
"Celebrini vs Sharks D zone turnovers. Who wins tonight

Leddy turning back the clock on that one. Easily one of his better plays this year.",2026-03-30 22:44:48
Yeah how can Mack not be MVP?,2026-03-30 22:44:48
MACKLIN,2026-03-30 22:44:50
MVP MVP MVP,2026-03-30 22:44:50
"NOW HOLD THE LEAD SHARKS! I BEG OF YOU!!! Mack keeps giving us life, don’t throw it away!! ",2026-03-30 22:44:52
You’re doing well enough lads,2026-03-30 22:44:53
Celebrini is back,2026-03-30 22:44:53
Leddy assist in this economy???,2026-03-30 22:44:54
Cali fin nights are always wild,2026-03-30 22:44:55
Swapping Klingberg for Leddy has lowkey been a great move by Warso.,2026-03-30 22:44:57
Leddy masterclass!,2026-03-30 22:44:58
MACK HATTY WATCHHHH,2026-03-30 22:45:02
I’m getting whiplash between Mack goat performance and bad turnovers lol  ,2026-03-30 22:45:04
9 point Mogbomb incoming,2026-03-30 22:45:05
They played the old goal song for half a second and faded it into the new one 😂😂😂,2026-03-30 22:45:10
"Nick Leddy has actually been like....not awful lately. Decent even, at times. I'm not sure what changed but I am okay with him being an actual NHL defenseman.",2026-03-30 22:45:12
MVPPPPPP,2026-03-30 22:45:14
"Ok i was shocked to realize this was just the 1st period, I might not survive this game.",2026-03-30 22:45:15
BEST FIRST PERIOD ALL YEAR DARE I SAY?,2026-03-30 22:45:18
The aura of the cali fin jersey,2026-03-30 22:45:19
"Lets go Leddy, back on track. Celebrini for the hat trick!",2026-03-30 22:45:19
"https://preview.redd.it/wphq671knasg1.jpeg?width=932&amp;format=pjpg&amp;auto=webp&amp;s=83e0d222d80400c958d75a6c5a3f2f0d15d079d3

",2026-03-30 22:45:19
Calling it now. Hat trick to take the #2 spot!,2026-03-30 22:45:20
Credit where its due. Fucking sick pass Led dog.,2026-03-30 22:45:20
https://preview.redd.it/p1mhgapnnasg1.jpeg?width=1080&amp;format=pjpg&amp;auto=webp&amp;s=783cb8a9c7aa77e256f5c4023a8c7e76c385ee1d,2026-03-30 22:45:23
I go to the bathroom for one moment and Mack scored again?!! ,2026-03-30 22:45:24
""" man, what a game huh?!""

""lemon its the 1st intermission""",2026-03-30 22:45:26
MACK IS BACK!!!!,2026-03-30 22:45:26
"hearing mvp from the tv

https://preview.redd.it/san5kpznnasg1.jpeg?width=1206&amp;format=pjpg&amp;auto=webp&amp;s=64cb5b00ffe9c1b9102a7c8e0d2ca70458077e2f

Macklin. You are incredible.",2026-03-30 22:45:31
Congrats Mack on being really good and possibly an alien,2026-03-30 22:45:35
CELEBRINI IS VERY GOOD AT HOCKEY!!! 👏👏👏,2026-03-30 22:45:37
Holy doodle boys,2026-03-30 22:45:39
Honestly I could settle for ryan Lin and juho piiparinen,2026-03-30 22:45:41
Did they play a snippet of Get Ready for This before they cut back to the AI song?,2026-03-30 22:45:41
Hat trick for Mack tonight please ,2026-03-30 22:45:42
I haven't loved a teenager this much since my senior prom,2026-03-30 22:45:42
WE GET TACOS👏👏👏👏👏,2026-03-30 22:45:46
Mack’s back gotta hurt p bad rn …. Carrying this whole ass hockey team,2026-03-30 22:45:47
They started playing the old goal song there HAHAHA,2026-03-30 22:45:47
Macklin is so crazy when he's feeling it. Miles ahead of everyone else. What a great time to be a Sharks fan.,2026-03-30 22:45:49
Oh we back up,2026-03-30 22:45:51
"Seeing the Tank this lively is literally making me tear up.

Taking me back to simpler times of my childhood ",2026-03-30 22:45:53
i’ve seen enough put leddy on the first line ,2026-03-30 22:45:54
"Oh fuck, that was  just the first period...

![gif](giphy|3PsAFhVjUSdzy)

",2026-03-30 22:45:56
i ate a whole pint of ice cream this first period. maybe i should do this every game. (i’m not going to 😭 but holy shit.),2026-03-30 22:45:58
It warms my heart knowing we have a player good enough to even be in the conversation for MVP.,2026-03-30 22:45:59
"Lol

https://preview.redd.it/4e1pk39snasg1.png?width=1884&amp;format=png&amp;auto=webp&amp;s=c8ff503a78a355240339f507d185884ea37b6317

",2026-03-30 22:46:06
The reporters after the game to macklin “what do you make of the mvp chants?” 😂,2026-03-30 22:46:07
the edible kicked in like 2 mins ago and im on cloud 9 watching the crowd chant like that for mack,2026-03-30 22:46:12
Jumbo sweating. his 114 points in danger again XD,2026-03-30 22:46:17
MVP chants for lick neddy’s pass?,2026-03-30 22:46:19
https://preview.redd.it/3p4nkivunasg1.jpeg?width=1170&amp;format=pjpg&amp;auto=webp&amp;s=f86749f761f792ea2f654316949b424ebb60aaed,2026-03-30 22:46:29
Mack is going to win this game himself no matter how many bad turnovers there are 😂,2026-03-30 22:46:29
"Yeah I’ll be honest I didn’t have Nick Leddy no-look, backhand, cross-crease dart to Celebrini on my bingo card but hey we take those!",2026-03-30 22:46:30
We’re winning a game in which our goalie has a save rate of 50%,2026-03-30 22:46:32
God doesn’t it feel good to watch these guys play good !!!! 🦈🩵🩵🩵,2026-03-30 22:46:44
"![gif](giphy|dyLlCJSNbgFghf7wjT)

",2026-03-30 22:46:46
https://preview.redd.it/zlkvxzuwnasg1.png?width=763&amp;format=png&amp;auto=webp&amp;s=35abbd5ecc3067306358cd165ff18a2689f60b01,2026-03-30 22:46:46
we have to be nice to nick leddy for at least one period today everyone ,2026-03-30 22:46:46
Probably the best period of hockey since the first Montreal game!,2026-03-30 22:46:47
Enjoy this beautiful madness for a few more games. Next year we want to play defence.,2026-03-30 22:46:49
MVP! MVP! MVP!,2026-03-30 22:46:53
"Fuck it, let's get that 40th goal tonight as well.",2026-03-30 22:46:53
Bravo Leddy great fucking pass.,2026-03-30 22:46:59
"Askarov needed to stop the first one.

The second one was a much much tougher save. The redirect was made at the worst time ",2026-03-30 22:47:06
Our boy is totally back!!,2026-03-30 22:47:07
Leddy apologists eating GOOD right now,2026-03-30 22:47:14
"He's 19, I'm simply amazed and so grateful that he's one of us.

![gif](giphy|w6Z79GdXoHMSmZXDMK)",2026-03-30 22:47:14
Macklin now tied with EK65 at 2nd for most points in  a single Sharks season!,2026-03-30 22:47:23
asky please lock in what’s going on,2026-03-30 22:47:34
**M**acklin **V**ery **P**owerful,2026-03-30 22:47:46
Mad props to whoever found the correct Etsy witch this time,2026-03-30 22:47:51
"Honestly teared up a Lil bit when point 100 went in. We've been long overdue for a player like Macklin. Just a few years I was one of the 9000 fans at the Penguins/Sharks game where we got lit up 10-2. After losing out on the Bedard sweepstakes and then getting pumped 10-1 and 10-2 in back to back games. Things couldn't have been worse for us. However the rest of the season goes, im so damn proud to be a Sharks fan. ",2026-03-30 22:47:53
kid really saying fuck yo tank i’m dragging us outta top 5 pick discussions,2026-03-30 22:48:14
Landlord’s season point record back on the menu,2026-03-30 22:48:16
that was beautiful,2026-03-30 22:48:27
Anyone know if the Cali fin jerseys are slated to return next year? ,2026-03-30 22:48:40
i haven't been this invigorated by a sharks game since the one against the habs 😭,2026-03-30 22:48:42
The kid did it in his second year ! 101 points! 13 away from tying Jumbos all time franchise record……….we are soooooooooo lucky to have CeleGod ,2026-03-30 22:48:45
My mom likes Macklin lol she says he looks like a baby. ,2026-03-30 22:48:59
"I need to watch that 2nd Mack goal sequence at least 35 more times, that was so fire",2026-03-30 22:49:08
"I got chills from those mvp chants man it’s so cool to hear the tank so loud, we are so fucking lucky ",2026-03-30 22:49:22
I think thats the first time hoshida made me laugh lol,2026-03-30 22:49:25
Imagine if two people got hattys tonight ,2026-03-30 22:50:09
I will give away not only my firstborn but my second child if Mack gets a hatty tonight ,2026-03-30 22:50:33
I love that man 🥰 so happy for him tonight!,2026-03-30 22:50:45
can the sharks play with the cali fin jerseys until the end of the season because I swear magical things always happen when they wear them ,2026-03-30 22:50:50
Only Hoshida could fuck up telling the story of this exciting game so far,2026-03-30 22:51:11
Celebrini is a true leader. He was way more happy for Leddy getting the assist than him getting the goal. Give him the C!,2026-03-30 22:51:29
Congrats to the Bay Area folks on their free Taco Bell I guess? maybe?,2026-03-30 22:51:32
"The kid is just unreal , take your tank talk and go piss in the wind. Hope this kid drags us to the playoffs ",2026-03-30 22:51:42
Here’s me thinking I was just going to watch the 1st period and then go to sleep 😅,2026-03-30 22:51:57
Vegas are trailing the fucking Canucks lmao ,2026-03-30 22:51:59
"NGL, it's sorta tragic Cheech is still top 5 in all time seasons for this franchise. ",2026-03-30 22:52:03
Need the sharks to hang on because pregame I was muttering to myself that tonight was going to be our second win without a Macklin point and I’m already feeling sheepish about going only 1 for 2 so going 0 for 2 would be simply devastating for my pride,2026-03-30 22:52:23
This is the first time in Sharks history that we drafted a player who hit 100 points with our team. I legit started tearing up. He is such a special player. I said something similar to this earlier in the season “There is a chance that in 10 years there will be a prospect that people are looking at and pundits are asking ‘Is this kid the next Celebrini?’ like everyone did when 1OA’s were compared to Sid”,2026-03-30 22:52:26
Canucks up 1-0 👀,2026-03-30 22:52:55
and with that period he’s back on pace to beat jumbo lmao,2026-03-30 22:53:05
Leddy you getting a shout out in the locker room two games in a row 😳,2026-03-30 22:53:24
Still blows my mind how Discover was able to keep Wayne Gretzky sober long enough to make that 30 second commercial ,2026-03-30 22:53:25
"on the topic of the goal song…. (which seems to be a burning question) 
What would you choose if you had the chance?",2026-03-30 22:54:31
build the statue. and when was the last time a crowd chanted mvp at sap center?,2026-03-30 22:54:31
"Sharks posted a Question in a Cup for IG yesterday and Mack's answer for the question, ""Who would you not call in an emergency?"" was, ""Lick Neddy.""",2026-03-30 22:54:32
Im sitting a few seats down from Rick Celebrini — feeling blessed 😂,2026-03-30 22:54:58
Did they start playing the old goal song by accident? BRING IT BACK YOU COWARDS. ,2026-03-30 22:55:00
the way mack talks about cherny that’s my captain right there 🥹,2026-03-30 22:55:36
"Great photo on x. 📸: NHL

https://preview.redd.it/iokq61xhpasg1.jpeg?width=2908&amp;format=pjpg&amp;auto=webp&amp;s=fbf1ad9b5768d3de72d6ac18dc3f6d91ecc79ca5",2026-03-30 22:55:40
"https://preview.redd.it/2b9svklhpasg1.jpeg?width=3024&amp;format=pjpg&amp;auto=webp&amp;s=0d57b0a4d8f4ed6544495460642c9ee51b29200c

The goat 🐐",2026-03-30 22:55:42
I'm starting to think this Macklin kid is good,2026-03-30 22:55:43
"if I ever see midgame interview done by someone other than drew I will riot, real questions about the game, not fishing for soundbites etc

take note EVERYONE else",2026-03-30 22:55:54
Has mack had a hat trick before?,2026-03-30 22:56:10
Not to be a sap but watching the players genuinely thank Drew for the interviews that they normally hate makes my heart happy ,2026-03-30 22:56:36
2024 Draft will forever be the Sharks turning point.  Thank you Hockey Gods we have Celebrini and Thank you M. Grier.,2026-03-30 22:57:30
"Alr, I’m calling it rn. Mack attack hattie",2026-03-30 22:58:23
was going to skip this game and go to bed because i'm in est but apparently i missed all the fun macklin is going to drag us to the playoffs or die trying holy shit,2026-03-30 22:58:26
I'm sorry to everyone that brought a hat tonight 🤭,2026-03-30 22:58:30
Drew is just as goated as Randy.,2026-03-30 22:58:37
"Y’all I tuned into the thread and sharks radio late when Mack got his 100th, and I assumed they were both goals so when he scored the sharks third, I thought it was a hatty 😭 I was so excited and then I realized I was just dumb. Rooting for a mack hatty later then lol",2026-03-30 22:59:07
"Idk about you guys, but our boy is hungry for goals tonight…",2026-03-30 22:59:19
maybe even a dick trick? am I asking for too much?,2026-03-30 23:00:17
Sheng Peng needs to take some notes from Drew Remenda ,2026-03-30 23:00:21
Macklin Celebrini you will have a hat trick tonight,2026-03-30 23:01:01
mack ipad time ,2026-03-30 23:01:38
Screw it he’s getting six tonight. Double Hatty! ,2026-03-30 23:01:43
"Mack got his first goal and first assist against the blues, and now hits 100 points for the first time against them :)",2026-03-30 23:01:43
What do people throw for dick tricks? ,2026-03-30 23:02:03
"https://preview.redd.it/n0h177onqasg1.png?width=1072&amp;format=png&amp;auto=webp&amp;s=94572a0653f339603f77543aca0be6ed1c5b67f8

",2026-03-30 23:02:16
2 games ago I was questioning if this team was even good at all. now I'm all fuck yeah we're gonna be best in da world,2026-03-30 23:03:02
oh fuck yeah darude sandstorm,2026-03-30 23:03:38
Haters will hate and I know a lot of people probably didn't watch - but Karlsson was magical that season he won the Norris with the team.,2026-03-30 23:03:40
Macklin Celebrini gonna be a HoF’er before retirement ,2026-03-30 23:04:01
Jumbo featuring his daughter and his Zyns,2026-03-30 23:04:23
"jumbo sighting

![gif](giphy|2uyoqywDGVu1FKemDB|downsized)",2026-03-30 23:04:25
Where does Mack live? Thought they just mentioned it. A few of the Canes players live in my neighborhood and last time one of them got a hatty his yard was absolutely covered in hats. ,2026-03-30 23:04:43
The boys loading up on the salts,2026-03-30 23:05:02
"that shot of eklund, smith, celebrini, and wennberg kinda proves that we have the hottest team in the NHL both in terms of potential and um...drawing in new fans, so to say",2026-03-30 23:05:36
omg hiiiii eky,2026-03-30 23:05:41
Wennberg third time being tossed from the faceoff?,2026-03-30 23:05:57
did Mukh like take beard enhancer. it has grown so much in the last 48 hours i feel ,2026-03-30 23:06:36
san jose 83,2026-03-30 23:06:36
Can someone explain that penalty?!?!! Thanks for the answers! :),2026-03-30 23:06:42
GRAF NATION PK,2026-03-30 23:06:55
Not good you tell them ,2026-03-30 23:07:09
The sharks vets are giving our young defenders bad impressions,2026-03-30 23:07:10
"I like Mukky, but he’s have a rough game",2026-03-30 23:07:21
"The more often Randy mentions that the Blues' power play is bad, the more likely they will score. Randy I love you but please stop",2026-03-30 23:07:21
Well thanks randy,2026-03-30 23:07:34
"if i had a nickel for each time a delay over glass penalty has happened this game, id have 2 nickels, which isn’t much but it’s weird it’s happened twice",2026-03-30 23:07:35
Come on PK,2026-03-30 23:07:40
"This is the closest I’ve sat in over a decade. I just watched points 99-101 happen literal feet away from me. I’m not okay, there’s going to be a dead body in my seat by the end of this game

https://preview.redd.it/foo3pyumrasg1.jpeg?width=3213&amp;format=pjpg&amp;auto=webp&amp;s=0c178cf77d663fa696aad8a6b84a3eb6746c754c",2026-03-30 23:07:43
"“St Louis power play… is not good”- Randy Hahn

everything is fine lol",2026-03-30 23:07:44
"""st. louis... power play.... is not good"" don't jinx us randy please ",2026-03-30 23:07:45
randy dont ,2026-03-30 23:07:49
high sticking a goalie that’s a new one ,2026-03-30 23:07:51
Randy omg  please ,2026-03-30 23:07:58
Here I thought blues had the best PK… 2 for 2,2026-03-30 23:08:00
also Ref getting Mukhs number wrong... are u perhaps friends with Warso? ,2026-03-30 23:08:01
Highsticking asky is crazy fuck y’all 4 on 4 time,2026-03-30 23:08:14
lol I’m not sure I’ve ever seen a high sticking penalty on a goalie before.,2026-03-30 23:08:25
Wow I think that’s the first time I’ve ever seen a goalie draw a high stick,2026-03-30 23:08:26
no more hurting asky im begging ,2026-03-30 23:08:27
4v4 ,2026-03-30 23:08:28
there’s blood ref! i know there is!,2026-03-30 23:08:31
I’ve been watching a long long time but I’m not sure I’ve seen that called before…,2026-03-30 23:08:32
Need yall to leave Asky tf alone. (I will take the penalty tho) ,2026-03-30 23:08:40
I don't think I've ever seen a high stick on a goalie 🤔,2026-03-30 23:08:49
ASKY GET BEHIND ME YOU CANNOT GET HURT AGAIN,2026-03-30 23:08:50
Please don't kill Asky he's been through ENOUGH,2026-03-30 23:09:07
NOT MY ASKY stop trying to hurt him PLEASE,2026-03-30 23:09:12
LOL at Nick Leddy with the very slow motion spinaround. Got it deep though.,2026-03-30 23:10:05
Chernyshov and Eklund actually have some similarities in playstyle.,2026-03-30 23:10:35
Downvote this comment until Mack gets his hatty,2026-03-30 23:10:41
I always forget that it’s not considered icing during a pk ,2026-03-30 23:11:00
"Pace of this game is crazy, my nervous system is on edge but in a good way for now. ",2026-03-30 23:11:52
Ostaphuck and Gaudette have looked great tn. Just need to put one in the net ,2026-03-30 23:12:11
What a shift by the 4th line,2026-03-30 23:12:16
Gaudette just gels with everyone ,2026-03-30 23:13:00
i don't think i've watched hockey this fast paced since the olympics... is this really the san jose sharks??,2026-03-30 23:13:19
Dickinson is starting to slide nicely into the offensive positions,2026-03-30 23:13:23
wow that was niceeee,2026-03-30 23:13:27
Man if dicky would have gotten that shot off faster ,2026-03-30 23:13:31
Leddy had his Wheaties ,2026-03-30 23:13:33
I think they’re really figuring out the chemistry (please don’t fuck it up Warso),2026-03-30 23:13:34
When did Nick Leddy stop sucking at hockey?,2026-03-30 23:13:36
Sam you will get a goal ,2026-03-30 23:13:38
Leddy please don't do those Klingberg slappers lmao,2026-03-30 23:13:55
SAM YOU WILL GET A GOAL 😭🙏,2026-03-30 23:14:09
Congrats to Colorado for brutally beating Calgary 9-2 I guess,2026-03-30 23:14:59
sharks hockey: feeling like we could win the cup during a 3-2 game because a teenager is making history while being pleasantly surprised when the rest of our team completes basic hockey plays. absolutely electric nonetheless,2026-03-30 23:15:07
This is one of the few games I’ve seen where our spacing looks like the better spacing. They just seem to have to work SO hard for every chance at a shot. ,2026-03-30 23:15:34
holy will was out there for a while,2026-03-30 23:16:05
Sam…. You will get a goal ,2026-03-30 23:16:09
REAVO ❤️❤️❤️,2026-03-30 23:16:43
Reavo!!,2026-03-30 23:16:45
reavo :(,2026-03-30 23:16:50
Reavo looking mighty fine tonight ,2026-03-30 23:16:52
unrelated but when did Mack change his tape job? He used to tape his whole blade,2026-03-30 23:16:55
Reavo!! He would do so well in a broadcasting role ,2026-03-30 23:16:56
hi reavo,2026-03-30 23:16:59
Hell yeah!! Reavo in the booth!,2026-03-30 23:17:05
REAVOOOO,2026-03-30 23:17:15
REAVO I LOVE YOU PLEASE COME HOME THE CHILDREN ARE CRYING,2026-03-30 23:17:21
REAVESSSSS,2026-03-30 23:17:21
reaves signs of life! is this them soft launching a broadcast role?,2026-03-30 23:17:28
Love reavo as a guy ,2026-03-30 23:17:30
if this is really it for reavo i’d love to see him in the booth ,2026-03-30 23:17:35
REAVO!,2026-03-30 23:17:39
i love you reavo take my fingers ,2026-03-30 23:17:39
REAVO ON THE MEDIA TEAM!!!! Soft launching him staying with the sharks in a different capacity???? Please!!!,2026-03-30 23:17:41
Reavo &lt;3 ,2026-03-30 23:17:43
Aw reavo… anyone else hear his locker was cleaned out? 😢,2026-03-30 23:17:47
Hey Reaves! Glad to see you. ,2026-03-30 23:17:53
Reavo thank you for visiting please stay,2026-03-30 23:17:55
Reaves is so comfortable on the mic compared to other players.,2026-03-30 23:18:08
Has there been any announcements about Reaves? Odd seeing him on the commentary without discussing why,2026-03-30 23:18:20
Them playing Nagila Halva 😂,2026-03-30 23:18:26
Nice shots on goal ,2026-03-30 23:18:44
Why am I so sad but also happy but also sad about this Reavo appearance ,2026-03-30 23:18:46
Well this is a fun shift! ,2026-03-30 23:18:48
eky's facial hair is coming in too :D,2026-03-30 23:18:59
Reaves in the booth?  Can he be added to the broadcasting team?,2026-03-30 23:19:17
Give me a Brodie and Reavo Sharks podcast or something. ,2026-03-30 23:19:25
Would love Reavo to do media for the Sharks when hes done with hockey. Hes so funny,2026-03-30 23:19:29
"i love hearing reaves in the booth, hopefully he stays w the sharks after retirement",2026-03-30 23:19:37
Really love the 4th line man,2026-03-30 23:19:40
need Reavo to do a Ken Hitchcock impression in the booth,2026-03-30 23:20:07
Who would Reaves replace? Hoshida?,2026-03-30 23:20:15
Sloppy Hockey is def going into my vocab for obvious reasons.,2026-03-30 23:20:17
"Love Reavo, but it’s also a little strange in terms of what’s happening with him right now ",2026-03-30 23:20:22
Great breakup by Sam ,2026-03-30 23:20:48
DAWG LINE I LOVE YOU!!!,2026-03-30 23:20:56
Ohh fun! I would be excited to see Reaves involved in some capacity on the broadcast team. Maybe he can pull some life out of Alan Hoshida during intermission. ,2026-03-30 23:21:03
Reaves calling Ostapchuk and Goodrow his boys :'),2026-03-30 23:21:10
BIG ENERGY PP,2026-03-30 23:21:14
love reavo in the booth omg,2026-03-30 23:21:23
This is absolute a reavo tryout for the media team ,2026-03-30 23:21:27
Jamal Meyers has been decent but Reavo has potential imo.,2026-03-30 23:21:32
Let Reaves host pre/post game live ,2026-03-30 23:21:36
Two penalties drawn by Goody tonight 🫡,2026-03-30 23:21:37
GET HIM ON THE BROADCAST ,2026-03-30 23:21:38
CAREFUL LOL,2026-03-30 23:21:53
Give me more Reaves breaking down plays ,2026-03-30 23:21:56
"Yeah we definitely need Reavo on the broadcast, or at minimum on the desk for pregame/intermission/postgame when he hangs them up",2026-03-30 23:21:57
"Reavo might actually have a future calling games. If you would have told me I'd love him two years ago, I'd have you tarred and feathered. Holy hell.",2026-03-30 23:22:04
Aww the young  fans doing the bite was cute,2026-03-30 23:22:08
"![gif](giphy|55itGuoAJiZEEen9gg)

Live look-in at Drew",2026-03-30 23:22:17
SMITH SHOOT ,2026-03-30 23:22:18
Reavo auditioning on tv ,2026-03-30 23:22:20
"Guys, I'm starting to think that Zach Ostapchuk might NOT be a much of a scorer.",2026-03-30 23:22:22
SCOREWEEWWW,2026-03-30 23:22:27
HELL YEAH,2026-03-30 23:22:35
YESSSSSSSSS,2026-03-30 23:22:36
THEY SCOOOOOOOORE,2026-03-30 23:22:37
YESSSSSSS,2026-03-30 23:22:37
"Ordinarily I would say Goodrow needs to shoot there, but I've seen Goodrow on breakaways. He made the right play.",2026-03-30 23:22:41
BABY SHARKS I LOVE YOU,2026-03-30 23:22:44
We learned how to score on the PP!!!,2026-03-30 23:22:49
don't know if our PP is fire tonight or their PK is dog water ,2026-03-30 23:22:54
I can’t believe San Jose is the more entertaining game compared to Ol’ Reliable Calgary,2026-03-30 23:22:56
The red army?,2026-03-30 23:23:00
Reaves is actually decent in the booth already. He's talkative and doesn't sound uncomfortable or reserved like you may tend to get with active players.,2026-03-30 23:23:01
"WENNYYY

![gif](giphy|CX9f0Zl9mXVjf72QN0|downsized)",2026-03-30 23:23:01
UNC TOFFOLI DO NOT MAKE ANY UNNECESSARY JOURNEYS,2026-03-30 23:23:01
WENNBERG!! 2 HATTY WATCHES!,2026-03-30 23:23:04
LFG wenny fuck the blues,2026-03-30 23:23:06
THIS IS A TEAM. THIS IS THE SHARKS,2026-03-30 23:23:08
"Nick Leddy is productive, PP is buzzing. What is going on ",2026-03-30 23:23:08
Nice ,2026-03-30 23:23:09
THIS HAS BEEN SUCH A FUCKING GAME SO FAR OH MY GOD ,2026-03-30 23:23:13
SHARKSSSSSSS,2026-03-30 23:23:16
Geez that’s crazy watching 3 solid powerplays,2026-03-30 23:23:16
I literally love reavo ,2026-03-30 23:23:16
Finally exposing the blues,2026-03-30 23:23:18
Reavo is great on the broadcast 👀,2026-03-30 23:23:18
"Anyone from the broadcast team if you are lurking, please let Reavo know we love him!",2026-03-30 23:23:21
[deleted],2026-03-30 23:23:28
God the games tonight have been so entertaining ,2026-03-30 23:23:35
Who said Wenny was getting the 🧢?????,2026-03-30 23:23:37
I can’t believe we’re on hatty watch for the two hottest players (in skill? looks? depends on who you are),2026-03-30 23:23:40
oh my god? our power play isn’t complete dog shit?,2026-03-30 23:23:47
are we a ppg merchant now? /j,2026-03-30 23:23:48
"how kind of drew and randy to give this new media intern a shot, even if he seems kinda old ",2026-03-30 23:23:51
Will smith you WILL get a goal tonight ,2026-03-30 23:23:55
REAVES REPLACE ALAN 🙏🙏🙏,2026-03-30 23:23:59
"Smith has 6 pts in his last 4 games I believe.

His ""sophomore slump"" was legit 6 games in March, 3 of which he still played well in.",2026-03-30 23:24:01
3 PPG LETS FUCKING GOOOOO KEEP THIS GOING!,2026-03-30 23:24:02
The Red Army???,2026-03-30 23:24:03
the boys are flyinggggggggg,2026-03-30 23:24:05
Oh Chief that could have been an all-timer,2026-03-30 23:24:10
"DOUBLE HAT TRICK WATCH

So refreshing to see the PP contribute multiple times. Keep this momentum and don’t let them back in it",2026-03-30 23:24:17
Wenny my GOAT. ,2026-03-30 23:24:18
"Double Hattie, watch !",2026-03-30 23:24:18
"Man this game feels like a sharks party! Mack’s 100, up 2, Reavo crashing the broadcast to chill. 2 hatty watches. This is fun as hell!",2026-03-30 23:24:18
https://preview.redd.it/22n91kxluasg1.jpeg?width=1080&amp;format=pjpg&amp;auto=webp&amp;s=167b4fb74753d9373ea82b74932bbbb42ad9c5b9,2026-03-30 23:24:19
Reavo adding value already on the broadcast with the Red Army PP1 anecdote. A natural.,2026-03-30 23:24:20
Toffoli batting that puck around with three dudes on him is mesmerizing ,2026-03-30 23:24:23
sharks 3 for 3 on the power play... (if we dont count that short one) WE ARE IN UNPRECEDENTED TIMES (POSITIVE),2026-03-30 23:24:24
4 point night for mack so far what a legend ,2026-03-30 23:24:24
"Wow, what a move by Sherwood",2026-03-30 23:24:27
chief kief if that woulda gone in i would have passed out genuinely,2026-03-30 23:24:27
Will we need the puck in the net too,2026-03-30 23:24:30
That would’ve been a highlight of the season if that’d gone in,2026-03-30 23:24:34
KEIF OH MY GOD PLS,2026-03-30 23:24:37
Is there a better commentators? Fan Duel one was born in saint Louis ig,2026-03-30 23:24:39
Is Reavo our good luck charm?,2026-03-30 23:24:40
holy shit sherwood,2026-03-30 23:24:44
Damn Ferraro ,2026-03-30 23:24:45
Beautiful powerplays I prayed for times like these,2026-03-30 23:24:48
Give Reavo any job he wants with the organization I’m sold on it ,2026-03-30 23:24:50
"Haha NHL.com was unsure who assisted, so they gave an assist to Celebrini",2026-03-30 23:24:57
"For his first time, Reavo has added something to the broadcast and not just awkwardly stood there ",2026-03-30 23:24:57
Double hatty watch 👀,2026-03-30 23:24:57
"C’mon, there has to be a hatty tonight. ",2026-03-30 23:24:57
"Can't watch the game until later on replay, but was just checking the scores. MACK!! WENNY!! oh my god I love this team and all the heart palpitations they give me ❤️",2026-03-30 23:25:04
Wenny and mack both on hatty watch,2026-03-30 23:25:05
Kiefer really can do everything hit defend shoot dangle ,2026-03-30 23:25:07
"Me when Wenny 

https://preview.redd.it/9fnp6rbsuasg1.png?width=720&amp;format=png&amp;auto=webp&amp;s=e4165019bc8d748a9f14dc4a09a1f1cf7723ec72

",2026-03-30 23:25:20
"3 for 4 on the power play, mack’s 100th point, and two sharks on hatty watch rn THIS HAS BEEN A GAMEEEE",2026-03-30 23:25:28
What did Kiefer yell there lmao,2026-03-30 23:25:33
Kiefer a little pissed after that lmao,2026-03-30 23:25:37
I don’t think that was a point for Macklin but we will take it,2026-03-30 23:25:42
The way you could tell Kiefer said “Oh fuck me”,2026-03-30 23:25:44
"i hate making things into the Macklin show tm, but four points in less than 40 minutes as a teenager is absolutely undeniable",2026-03-30 23:25:44
"![gif](giphy|GDz0yuxrGcifavIe1Q)

This offense tonight got me like",2026-03-30 23:25:55
About to scream in my room look at all these CHANCES,2026-03-30 23:25:57
We missed Smitty's 50th point in all the excitement,2026-03-30 23:25:58
Can somebody GIF that Sherwood curse please,2026-03-30 23:26:17
that toffoli/sherwood shot had flashes of the eklund goal. love us becoming the giants' b-team,2026-03-30 23:26:17
Reavo for color commentary? Good vibes all around,2026-03-30 23:26:23
Where are our tacos??,2026-03-30 23:26:27
when we play good we play GOOOD i love my sharks ,2026-03-30 23:26:28
Feels like a bloody memorial reel…. Gonna be sad to wave reavo goodbye ,2026-03-30 23:26:45
am i tripping or did he just make a heated rivalry joke,2026-03-30 23:26:47
"Wheel, snipe, celly, boys. Hell ya, fuck ya.",2026-03-30 23:26:48
"gave the goal to toff, means mack has a casual 4 pts through less than 2 periods",2026-03-30 23:27:02
Is reavo gonna be here for the whole game I like his commentary,2026-03-30 23:27:21
It feels like a Reavo farewell tour. ,2026-03-30 23:27:28
Ok pls keep reavo in whatever capacity,2026-03-30 23:27:56
I feel Macklin is too humble to score the hatty and he's looking for assists the rest of the night,2026-03-30 23:27:58
"I'm glad they gave the assist to Toff, was worried he wasn't listed there for a bit even tho he got a look in.",2026-03-30 23:28:03
after watching like 8 frustrating wild games in a row this is INSANE to me like wow! hockey CAN be fun and a team i like CAN do well,2026-03-30 23:28:16
"Reavo, we want you in the booth if you don’t get resigned ",2026-03-30 23:28:18
Awww Reavo,2026-03-30 23:28:21
reavo 🥲🥲🥲🥲 love this dude. ,2026-03-30 23:28:23
"Reavo is legit great in the booth. Wow,",2026-03-30 23:28:25
Ryan Reaves is already our 2nd best color commentator after Drew.,2026-03-30 23:28:27
"Oh, reavo, stop, you're gonna make me cry.",2026-03-30 23:28:34
Man Reavo is a *natural* in the booth!,2026-03-30 23:28:35
ryan reaves i have grown quite fond of you!,2026-03-30 23:28:36
I vote we resign reaves to a bit above the min for 2 years with player option the last year,2026-03-30 23:28:44
I doubt Reavo gets re-signed sadly. Wouldn't mind him working for the team in some capacity.,2026-03-30 23:28:47
Keep Reevo in San Jose 🙏please 🙏,2026-03-30 23:28:50
Aw shucks Reavo.,2026-03-30 23:28:54
Sign Reavo now !,2026-03-30 23:28:58
why do they keep mentioning the 1000 goal milestone to Reavo if he might not be back ,2026-03-30 23:29:01
Wait so now Reeves is making it sound like he's gonna be back another season? ,2026-03-30 23:29:04
I would love to have Reavo retire as a Shark. He should be re-signed,2026-03-30 23:29:05
Randy try not to make me emotional challenge,2026-03-30 23:29:05
Ryan Reaves joining the Sharks and becoming a fan favorite might have been one of the most surprising parts of this surprising season,2026-03-30 23:29:10
I can't believe how much we used to hate this guy,2026-03-30 23:29:11
"newbie here, why did the last goal’s assist change to Toffili and Smith from Celebrini?",2026-03-30 23:29:12
i love you papa reavo :(,2026-03-30 23:29:22
Oh reavo don't make me cry 😓❤️,2026-03-30 23:29:25
AWW,2026-03-30 23:29:27
Okay do we love or hate Reavo...?,2026-03-30 23:29:41
Sign Reavo 🗣️,2026-03-30 23:29:43
"incredible things are happening tonight

https://preview.redd.it/3471co9mvasg1.png?width=446&amp;format=png&amp;auto=webp&amp;s=6e62dac71a0d32f2b3092d5619b4f1f788626f87

",2026-03-30 23:30:01
Reeves gotta do broadcasting after his playing career,2026-03-30 23:30:05
Cherny is so fucking good jfc,2026-03-30 23:30:09
The first Blues games was this month?!? That feels like a million years ago!,2026-03-30 23:30:15
"In the tank rn, it’s a vibe 🕺",2026-03-30 23:30:44
"IDK, I feel like the sharks could re-sign him for a 1 year deal purely for the veteran presence + protection of the younger guys still. With the amount of young talent on the team, you do need someone who can occasionally jump in a game that can stick up for them. And it seems like he's a very positive locker room presence, which is a big deal as well for the team culture. Obviously if he doesn't get signed that's not an issue. I think they would find something else for him to do because he seems to really like it here, but it wouldn't be out of the realm of possibility to see him have one more season.",2026-03-30 23:31:30
I REALLY like how both Randy and Drew are seemingly teeing him up and guiding him along for some commentary like if they're prepping him for a post-career in the booth.,2026-03-30 23:31:36
Petition for Reaves to become a permanent member of the Sharks color commentator crew after retirement ,2026-03-30 23:31:37
How many times has wennberg been kicked out of the faceoff circle this season,2026-03-30 23:31:53
I’ve never been so glad to have a terrible set of Sharks predictions ,2026-03-30 23:32:04
Dickinson had made a few passes under duress that have been impressive and immediately break the team out. ,2026-03-30 23:32:05
https://preview.redd.it/lmfpeko2wasg1.jpeg?width=1080&amp;format=pjpg&amp;auto=webp&amp;s=b936ec988a228dc7b324e6f980c46547d0a1a273,2026-03-30 23:32:31
"https://preview.redd.it/8pywj533wasg1.png?width=1079&amp;format=png&amp;auto=webp&amp;s=6f8fed75a08f1387543921aa874d71c3dfcbd7a0

",2026-03-30 23:32:37
I love you ASKYYY,2026-03-30 23:32:39
MY GOD ASKYY!,2026-03-30 23:32:48
"Young guy signature plays I'm noticing:

\- Celebrini likes to attack down the middle in the o-zone while dangling through guys, whether on the rush or already in the o-zone.

\- Smith insta-pass from the wing to someone open that no one else saw.

\- Chernyshov likes to drive the goal from the left-wing while going through a defender using his size.

\- Eklund has that skating move he does on a defender on the right-wing where he also drives the net, which he used to score the Bobby Orr goal against Boston.

\- Askarov lateral push pad saves.",2026-03-30 23:32:50
ASKY MY GUY!! Right on! ,2026-03-30 23:32:51
That made me feel sick omg,2026-03-30 23:33:02
Lord asky’s athleticism is no joke,2026-03-30 23:33:03
Asky saved well,2026-03-30 23:33:06
Thank God for Vinny and Asky,2026-03-30 23:33:08
I'm glad to see the sharks looking so much happier on the bench now. They were looking so miserable during the losing streak,2026-03-30 23:33:09
Wennberg or Mack hatty???,2026-03-30 23:33:19
"graf is our 2nd best player by a mile, his 2 way game is absurd",2026-03-30 23:33:43
Asky I am so glad to have you back (I love Ned but he deserves a break),2026-03-30 23:34:00
What’s hofer doing😂,2026-03-30 23:34:00
Reavo is so damn likeable ,2026-03-30 23:34:09
This game is so silly.,2026-03-30 23:34:43
Orlov stinks,2026-03-30 23:35:20
ChillMack line's ability to cycle is top notch.,2026-03-30 23:35:36
If you told me the shots were 17-7 and we were on the right side of it I would laugh 😭,2026-03-30 23:35:38
"I’m so sad they’re letting Ryan go, he has some great thoughts",2026-03-30 23:35:48
"Hearing ""Askarov out of his net"" is terrifying ",2026-03-30 23:35:51
I enjoyed listening to Reaves in the booth ,2026-03-30 23:35:51
"im a sports watcher who barely talks or vocalizes during games but every time asky steps out of his net in a high pressure scenario i yell ""WHY"" ",2026-03-30 23:35:52
[deleted],2026-03-30 23:35:55
"You know, some players, when they get a shot in the booth, sound like himbos. Maybe lovable, maybe frustrating, but himbos all the same.

Reaves is comfortable sharing his opinions, has a good grasp of the game (listen, not all players do), charismatic, is able to talk about the game in clear/simple terms without watering down his thoughts, and just so likable. I don't know why I'm surprised. 

I hope he gets his 1k games here and I hope he gets some on air job afterwards somewhere. ",2026-03-30 23:35:55
"realizing this is the penultimate game with the cali fin jerseys

![gif](giphy|XLSx4yN9ev3qb4UylX|downsized)",2026-03-30 23:36:07
first line is so good,2026-03-30 23:36:12
I quite enjoyed Reavo in the booth tonight!,2026-03-30 23:36:14
how on earth does a tip in from the blue line go out?,2026-03-30 23:36:17
I am going to be forever upset we lost those games with Cherny bc of his injury,2026-03-30 23:36:18
Drew fearing for his job right now LMAO ,2026-03-30 23:36:20
We'll miss you everyday Reavo!,2026-03-30 23:36:28
Vegas trailing the Canucks in Torts first game is comical,2026-03-30 23:36:32
Love you Reavo! ,2026-03-30 23:36:52
"I hope between now and next year Smith works on his physicality, he still looks very pedestrian out there.",2026-03-30 23:36:56
"Current feelings

https://www.instagram.com/reel/DWUjZPGDPn3/?igsh=MWRia255djBibmcwaA==

",2026-03-30 23:37:00
![gif](giphy|AsTXV4nVD5OkBF8vyM),2026-03-30 23:37:03
I can't believe I'm saying this but I look forward to reavo in the booth or studio,2026-03-30 23:37:42
I love when graf is on the top line but Chillmack is DEADLY ,2026-03-30 23:37:44
The Canucks are beating the Golden Knight’s ,2026-03-30 23:38:02
"no one panic, but i think our passes are connecting",2026-03-30 23:38:22
"Hofer pulling multiple askys rn
",2026-03-30 23:38:30
"Godspeed Reavo(or see you later Reavo, depending on what choice you make)",2026-03-30 23:38:31
Save by Askarovvvvvvv,2026-03-30 23:38:53
ASKY LET ME KISS YOU SOFTLY ON THE FOREHEAD,2026-03-30 23:38:59
asky i adore you,2026-03-30 23:39:02
Someone gotta check this Saint Louis goaltender for a concussion or something. He looks absolutely terrible right now. ,2026-03-30 23:39:05
Reavo needs to replace jamal asap,2026-03-30 23:39:09
"Actually the more I think about it, I think we've found hoshida's replacement.",2026-03-30 23:39:10
ASKYYY,2026-03-30 23:39:11
asky my god,2026-03-30 23:39:26
Chillmack and the Second line (is there a name for them?) I am so fond of them,2026-03-30 23:39:38
That is a massive save there from Asky,2026-03-30 23:39:45
"I love you asky never leave us I dream about you in my sleep...sorry that was tmi wasn't it.

![gif](giphy|wL23aMJn2AhTa)

",2026-03-30 23:39:47
did asky fix his glove hand?,2026-03-30 23:39:49
look if we end up falling short i wouldn’t really mind hearing randy say the name stenberg more often,2026-03-30 23:39:54
i missed asky so baddddd ,2026-03-30 23:40:26
I'm new here but whares neddy? ,2026-03-30 23:40:42
El Sonidito lets gooooo,2026-03-30 23:40:44
Two penalties for Muk - Warso bout to bench this dude fuck.,2026-03-30 23:40:50
Mukh second penalty of the game.. Warso please don't take away his ice time. i can't do it again ,2026-03-30 23:40:52
"https://preview.redd.it/2fxt1uukxasg1.png?width=575&amp;format=png&amp;auto=webp&amp;s=55ea519a6981f01df5f2bf852903ac722c4da574

",2026-03-30 23:40:58
Oh Muk.,2026-03-30 23:41:16
Hooked him right in the wiener ,2026-03-30 23:41:25
Muk has had a rough game,2026-03-30 23:41:25
yikes mukh that’s two rough ones this period,2026-03-30 23:41:26
Oh fuck here comes klingberg next game ,2026-03-30 23:41:29
uh oh mukh it was nice knowing u. ill see you back on the ice next year bud!!,2026-03-30 23:41:54
Mukh nooooo now Warso will bench you for the next 5000 games.,2026-03-30 23:42:02
"See you next week, shakir",2026-03-30 23:42:07
Warso: My god that’s Klingbergs music!,2026-03-30 23:42:08
"Shake it off Mukh, you got this. ",2026-03-30 23:42:12
yikes,2026-03-30 23:42:13
"I look at this team and I really get excited because it’s pure potential. This top line has to be the youngest in the league, Asky is looking so good, dickinsons starting to get more offensive looks, Misa is finding his stride, Graf is one of the best undrafted players in the league currently and mukh is getting more and more TOI by the looks of it. We are so so lucky",2026-03-30 23:42:20
Mukh get ready to learn Russian buddy 😞 ,2026-03-30 23:42:21
Randy,2026-03-30 23:42:34
Mukh gonna get scratched the second Kling is better 😭😭😭,2026-03-30 23:42:36
"wennberg is the least slick mf in the dot, refs hate him",2026-03-30 23:42:38
Brutal ,2026-03-30 23:42:39
Our dmen throwing this game right in the trash,2026-03-30 23:42:47
Is this because Calgary didn’t give the usual OT and shootout?,2026-03-30 23:42:49
Good news is that we won’t start 3rd on the pk,2026-03-30 23:42:50
https://preview.redd.it/x4jieo3xxasg1.jpeg?width=524&amp;format=pjpg&amp;auto=webp&amp;s=dcaac3aaafd49e2f15fdafe0f5c2bee227a00852,2026-03-30 23:42:51
gotta finish your hits boys,2026-03-30 23:42:57
Oh well that was expected ,2026-03-30 23:43:01
Damn it ,2026-03-30 23:43:07
Graf master PK let's go,2026-03-30 23:43:09
"![gif](giphy|H3Gsg60KeSKOaBQASD)

",2026-03-30 23:43:10
2nd period is always cursed don't worry,2026-03-30 23:43:10
we never do things easy ,2026-03-30 23:43:24
What an insane period ,2026-03-30 23:43:48
It’s never easy lol 😭,2026-03-30 23:43:48
Whatever.,2026-03-30 23:43:56
"Ok Sharks, you know what you have to do..,2 hatty’s in the 3rd!!!! ",2026-03-30 23:43:57
Narrowly escaped the 2nd with the lead,2026-03-30 23:44:10
muk stop getting fucking penalties,2026-03-30 23:44:16
"The Sharks made three different defensive mistakes on that play.

My goodness ",2026-03-30 23:44:20
"Mukh, kotyonok, we will have words...",2026-03-30 23:44:29
Tank commander klingberg reporting for duty!,2026-03-30 23:44:35
We need to come out pushing in the 3rd! We cannot let them keep putting pressure on us!,2026-03-30 23:44:38
cmon mack you know u want that hatty pls,2026-03-30 23:44:42
randy do NOT mention our record when leading through 2 periods,2026-03-30 23:44:48
our defense is seriously so awful. no composure or structure whatsoever,2026-03-30 23:44:49
knights tying up their game at the same time as the gap closes I feel a disturbance in the vibes (but we will never lose again so all good) ,2026-03-30 23:44:50
https://preview.redd.it/bf94yuubyasg1.jpeg?width=640&amp;format=pjpg&amp;auto=webp&amp;s=e1c96f45e71837bd0b4190394d14393e3e1f9ce5,2026-03-30 23:45:09
Still a team that doesn’t have that killer instinct to put teams away. Controlled a lot of this game but now it’s a 1 goal game and the Blues have the momentum. Gut check time for them. Been fairly poor start so far for Asky but a big third from him can win this game for us and you feel like he’ll have to make a big save or two in the final 20.,2026-03-30 23:45:39
"
Nice knowing you Muk
",2026-03-30 23:45:42
"After 2 periods, Chillmack line is still dominating:

https://preview.redd.it/su0hgyafyasg1.png?width=2030&amp;format=png&amp;auto=webp&amp;s=74b38d0cff9283ca9a054bd81f1937884fa7113c

",2026-03-30 23:45:44
"https://preview.redd.it/korg0uzeyasg1.jpeg?width=948&amp;format=pjpg&amp;auto=webp&amp;s=ecdb2b696fcccb6d15cf37f1a257cb0322dc286f

plenty of time",2026-03-30 23:45:44
"Idk have the stats so I can be wrong, but I feel like SOG advantage does nothing for us but be negative. We have more, it’s close; it’s even, meh, they have more, it’s a blowout. I realize I’m slightly salty but we’ve had the advantage for so long yet are within a goal since they scored 2 goals on 4 shots ",2026-03-30 23:45:54
"it was fun while it lasted 

https://preview.redd.it/uj5ykppkyasg1.png?width=452&amp;format=png&amp;auto=webp&amp;s=10cbc9ca72136ce3130196688bb727e355b3b52a

",2026-03-30 23:46:35
Is there Guinness on tap anywhere on the concourse?,2026-03-30 23:47:14
Can’t even celebrate a lead with this team.  Gotta come out with our foot on the gas in the third ,2026-03-30 23:48:28
Wennberg and Celebrini hattys incoming (please),2026-03-30 23:48:57
Celebrini is already 23rd alltime in Sharks points lol,2026-03-30 23:49:12
"I get that that these are good causes, but two commercials in a single night about kids being sick or hurt is a bit rough ngl",2026-03-30 23:51:13
"Hopefully we play clean in the third and force a penalty, our PP tonight has been maybe the best of the season with 3/4?",2026-03-30 23:53:15
"Boooo Vancouver Booooo.

![gif](giphy|6IGNW4wiyU8Mw)

",2026-03-30 23:53:19
"I think what I want to see from this game in order of desire are as follow

1. Mack hat trick
2. smith lays someone out on the forecheck
3. vinny goal
4. asky goal",2026-03-30 23:53:39
I think they need to fix that graphic April 11th is a home game ,2026-03-30 23:53:45
Ted's stache is looking snazzy!,2026-03-30 23:54:02
Vancouver you will win your game ,2026-03-30 23:55:26
"https://preview.redd.it/xfjm46zg0bsg1.jpeg?width=1204&amp;format=pjpg&amp;auto=webp&amp;s=79dee5164e531b9cfd33fdd2d1f540ef31228a14

",2026-03-30 23:57:11
Jimmy Neutron lookin mfer,2026-03-30 23:58:06
Pretty sure I just saw Dan Boyle singing Taylor Swift on the fan cam.,2026-03-30 23:59:34
"I believe in you Vancouver and San Jose (I believe in Mack and Wennberg hattys) (and maybe a Smitty goal, is that asking for too much?)",2026-03-30 23:59:39
༼ つ ◕_◕ ༽つ SHARKS DO THE THING ༼ つ ◕_◕ ༽つ,2026-03-31 00:00:51
if wenny scores another goal it’ll be his 2nd hatty ever… wenny you can do this,2026-03-31 00:01:48
PUCKS IN DEEP,2026-03-31 00:02:10
Ulmer said the thing!,2026-03-31 00:02:14
Giants win let’s do it boyz ,2026-03-31 00:02:37
"Take a shot anytime you hear ""gotta get pucks in deep"" as the strategy ",2026-03-31 00:03:05
SMELLING SALTS!!!! I’m DYING!!! That’s too funny!!!,2026-03-31 00:03:15
asky glove!!! ,2026-03-31 00:03:53
CRAZY FROG EVERYBODY MOVE,2026-03-31 00:04:04
"![gif](giphy|atNumdwHCKwW3t2cXt)

The kids hittin this move again. Love it",2026-03-31 00:04:05
guys askarov's glove clearly works,2026-03-31 00:04:39
nice d leddy and dickinson,2026-03-31 00:04:40
"Lost in this game, Celebrini has had a TON of bad turnovers.",2026-03-31 00:04:45
Damn cherny. So close,2026-03-31 00:04:49
I swear that shit went in ,2026-03-31 00:04:58
oh fuck off hofer,2026-03-31 00:05:04
Sunburn’s so good,2026-03-31 00:05:10
"Ugh, trying goal feels inevitable right now",2026-03-31 00:05:16
Wenny and Mack want to give us a hatty!!! They are trying!! ,2026-03-31 00:05:21
S!O CLOSE CHERNY,2026-03-31 00:05:22
Dicky is having a real good game. I think I love him for all the reasons I'm not the biggest fan of Muk. He really uses his body,2026-03-31 00:05:26
Dickinson's stick has been good tonight.,2026-03-31 00:05:30
Imma frow up,2026-03-31 00:05:40
"Hofer and the Blues, can y'all be bad for one sec and let Celebrini have a hat trick? Asking for a friend.",2026-03-31 00:05:46
My God Leddy...,2026-03-31 00:05:55
finish your fucking hits!,2026-03-31 00:06:29
https://preview.redd.it/h9yn3ds52bsg1.jpeg?width=735&amp;format=pjpg&amp;auto=webp&amp;s=5f1172f1dc5d15f4ec4a49edcb1e4b39c59e3dab,2026-03-31 00:06:38
holy asky,2026-03-31 00:06:39
Hofer can you be kind and let Unc have one please,2026-03-31 00:06:44
Sucks he was in his backhand,2026-03-31 00:06:48
![gif](giphy|l4FATJpd4LWgeruTK),2026-03-31 00:06:52
I fucking love Asky so much,2026-03-31 00:06:53
why did eklund dive into that spot?,2026-03-31 00:06:57
mukh with a great check only for ferraro to give it away immediately ,2026-03-31 00:07:04
My cortisol levels are begging me to turn this off,2026-03-31 00:07:07
can Hofer fuck off,2026-03-31 00:07:07
ASKY I LOVE YOU!,2026-03-31 00:07:16
Your him ASKY,2026-03-31 00:07:17
Is that the third gaud breakaway?,2026-03-31 00:07:19
Asky!!,2026-03-31 00:07:28
Asky doing the only diving I want to see,2026-03-31 00:07:37
SMITH THE ONE TIME YOU SHOULD PASS YOU DONT. Macklin had a free goal with a pass across,2026-03-31 00:07:46
Holy shit this is one of the best four minute stretches of play I’ve seen in a while,2026-03-31 00:07:54
"the pace to this game is insane, playoff like",2026-03-31 00:08:03
Askarov you wonderful man,2026-03-31 00:08:03
"Sherwood's helmet:""Why am I here, just to suffer...""",2026-03-31 00:08:05
i did not breathe for four whole minutes ,2026-03-31 00:08:09
Keep crashing the net boys! Keep the momentum! ,2026-03-31 00:08:11
One of these Gaud breakaway will lead to something someday 😭,2026-03-31 00:08:32
Smith will score I believe it. Just stay with me here ,2026-03-31 00:08:32
What is this ChillMack line gonna look like when they are all in their prime. Just absolute domination.,2026-03-31 00:08:35
Best overall game I’ve seen from Will in quite some time. This pace really accentuates his game.,2026-03-31 00:08:42
"Asky haters, Imma need you to fill out the apology form.(;",2026-03-31 00:08:47
sherwood manifesting someone getting a hat trick by losing his helmet ,2026-03-31 00:08:50
Electric line,2026-03-31 00:09:00
That as INSANE ,2026-03-31 00:09:05
I am sweating from my eyeballs,2026-03-31 00:09:11
Dicky firing off the draw is good stuff even if he doesn't make it,2026-03-31 00:09:13
this shift is an absolute o zone clinic from the first line,2026-03-31 00:09:18
wow,2026-03-31 00:09:20
WHAT A SHIFT!!! THE FUTURE IS TEAL!!!!,2026-03-31 00:09:21
holy fucking top line ,2026-03-31 00:09:24
Holy fuck,2026-03-31 00:09:26
What a shift!,2026-03-31 00:09:28
Great shift,2026-03-31 00:09:33
Fuck that was insane ,2026-03-31 00:09:34
Please Hofer...just one goal for Celebrini for the vibes?,2026-03-31 00:09:42
god their goalie is on it,2026-03-31 00:09:45
“Saved by hofer” is NOT WHAT WE WANT TO HEAR,2026-03-31 00:09:46
it’s a yard sale everything is on the ice,2026-03-31 00:09:49
What a fuking shift holy shit,2026-03-31 00:09:52
Is this a yard sale? It isn’t Saturday…,2026-03-31 00:09:53
Holy shit the goalies both took something between periods,2026-03-31 00:09:54
Oh my fucking god,2026-03-31 00:10:00
That was such a wipe 3-4 minutes of hockey for neither team to score ,2026-03-31 00:10:03
amazing shift yesssss,2026-03-31 00:10:10
"Oh yeah, we found our top line for the next decade.",2026-03-31 00:10:12
I did just survive a heart attack,2026-03-31 00:10:14
This top line is going to feed generations ,2026-03-31 00:10:46
genuinely pacing my living room rn,2026-03-31 00:10:48
https://preview.redd.it/3tmfxttv2bsg1.jpeg?width=1199&amp;format=pjpg&amp;auto=webp&amp;s=2e87557142a78516adfd124c0b7fb9ec6bdde710,2026-03-31 00:10:57
hofer is having the most misleading .84 sv percentage game ever,2026-03-31 00:11:03
Last year we were 0-23-2,2026-03-31 00:11:22
RANDY NOW IS NOT THE TIME FOR YOUR JINXING,2026-03-31 00:11:29
"Randy, please don't mention that stat...not with your ***little*** history...",2026-03-31 00:11:32
Glad to see the Blues also whiff shots just like us,2026-03-31 00:11:47
Well time to clench ,2026-03-31 00:11:48
This game is insane idk how much more Sharks Hockey I can experience 😭,2026-03-31 00:11:51
Randy with his stats is always jinxing it,2026-03-31 00:12:02
OH MY GOD SHERWOOD CLOSE,2026-03-31 00:12:21
feel like im being held at gunpoint,2026-03-31 00:12:28
I'm gonna die ,2026-03-31 00:12:28
Did everyone’s stream fade in and out of consciousness ,2026-03-31 00:12:40
Hofer got that Askarov puck chasing craze,2026-03-31 00:12:42
One of the loudest crowds I’ve heard in the shark tank all season,2026-03-31 00:12:56
Leddy reminding us that he is Nick Leddy for a moment.,2026-03-31 00:13:05
Did anyone else's feed cut out momentarily around 13:00?,2026-03-31 00:13:23
Getting TENSE ,2026-03-31 00:13:25
Geez is this the Shark Tank or a Premier League Stadium? Not that I'm complaining...,2026-03-31 00:13:33
"Smith almost got them the tying goal with that terrible turnover in the offensive zone when he had 2 people open



Awe poor haters mad but it happened",2026-03-31 00:13:42
We’re so close to a hatty I can feel it ,2026-03-31 00:13:55
"I’m a simple man. I hear Broberg’s name and I say, “F*** Broberg.”",2026-03-31 00:13:57
Smitty turnover...,2026-03-31 00:13:59
How y'all feeling,2026-03-31 00:14:13
Absolutely got to stop giving teams these type of looks 5 to 10 times a game lol,2026-03-31 00:14:40
that was a dangerous shot from the slot we just disgustingly gave up,2026-03-31 00:14:47
the ohio crowd was so pathetic the other night it’s so good to hear the shark tank rocking 😭,2026-03-31 00:14:58
"need another celebrini goal for this guy

https://preview.redd.it/x203vsfl3bsg1.jpeg?width=1206&amp;format=pjpg&amp;auto=webp&amp;s=816831bde18273576ea4a0fd5799bc5aa65cd148",2026-03-31 00:15:00
"https://preview.redd.it/h2s7sdwo3bsg1.png?width=1102&amp;format=png&amp;auto=webp&amp;s=537fc36992a2ecafa3757d3793d9a34dac1f49d8

",2026-03-31 00:15:17
Rick Celebrini drinking that $20 4% beer,2026-03-31 00:15:36
I’m glad Rickland Celebrini is having fun I think?,2026-03-31 00:15:46
Rick gulping a modelo is a mood,2026-03-31 00:16:03
ASKY GET BACK WTF,2026-03-31 00:16:04
wow warriors coaching legends in the house. rick celebrini and steve nash,2026-03-31 00:16:25
HES WANDERING,2026-03-31 00:16:25
Let's never do that again,2026-03-31 00:16:26
Asky are you fucking nuts ,2026-03-31 00:16:30
Orlov is the new Klingberg ,2026-03-31 00:16:30
Certified #AdventuresWithAsky moment,2026-03-31 00:16:34
Holy fuck bro,2026-03-31 00:16:36
Asky I beg you,2026-03-31 00:16:38
asky my love pls stay in the net,2026-03-31 00:16:39
Orlov has been horrible today,2026-03-31 00:16:42
ASKAROV OH MY GOD,2026-03-31 00:16:48
asky please do not make unnecessary journeys,2026-03-31 00:16:50
the intrusive thoughts got him again,2026-03-31 00:16:50
asky stop i cannot handle any more of your little adventures ,2026-03-31 00:16:52
Orlov’s gotta be our worst player tonight,2026-03-31 00:16:56
ASKY YOURE GONNA KILL ME COMING OUT OF THE NET LIKE THAT,2026-03-31 00:17:00
Need one of those auto retracting child harnesses for Asky,2026-03-31 00:17:03
Asky no more side quests!!! ,2026-03-31 00:17:05
whoever encourages asky to keep leaving the crease will kill me ,2026-03-31 00:17:06
when will we let asky run free as a forward like he clearly wants to,2026-03-31 00:17:07
Not as bad as the Cuda going out idk,2026-03-31 00:17:10
Way too many turnovers ,2026-03-31 00:17:12
Asky I promise you’re better in the net,2026-03-31 00:17:14
"Orlov is literally getting worse by the game.

He’s been a disaster ",2026-03-31 00:17:17
Asky trippin lol,2026-03-31 00:17:19
Asky the explor-er(*How does the Dora theme song go idk I didn't watch Dora as a kid*),2026-03-31 00:17:22
Did Asky see the Cuda goalie and think he gotta do that too,2026-03-31 00:17:26
"I DO NOT WANT TO HEAR ""ASKAROV COMES ALL THE WAY OUT OF HIS NET""",2026-03-31 00:17:31
"Got anymore of those top line shifts 

![gif](giphy|Y6yRfR88rvP44)

",2026-03-31 00:17:32
So close my GOAT Sherwood ,2026-03-31 00:17:35
I feel like I’m being held hostage ,2026-03-31 00:17:45
Orlov has had a couple of nightmare giveaways tonight. Somehow Leddy/Dickinson is going to be Warso's trusted pair down the stretch.,2026-03-31 00:17:51
Jesus they pumping Asky up with stimulants or something in the locker room. Man's been insane.,2026-03-31 00:18:06
"Fucking might as well just play Benny Hill music whenever Toffoli or Orlov are on the ice, shameful shit",2026-03-31 00:18:25
"sherwood shoots every time he sees net, not necessarily a bad thing on a team full of pass first guys but the next step for him is some patience",2026-03-31 00:18:50
"Oh my god Asky, please don’t do that again",2026-03-31 00:19:00
"https://preview.redd.it/214fcbpe4bsg1.png?width=456&amp;format=png&amp;auto=webp&amp;s=a9cabf14ca9166766577c00b2db443a384f05e2b

",2026-03-31 00:19:15
"![gif](giphy|vbHLVVepyE2UhACqSp)

asky please",2026-03-31 00:19:27
Love Drew talking about Asky making the right play because he did. ,2026-03-31 00:19:46
Oof Dicky,2026-03-31 00:20:29
that was a trip?????,2026-03-31 00:20:33
Really,2026-03-31 00:20:48
What…..,2026-03-31 00:20:52
Ok yeah I mean I guess,2026-03-31 00:20:52
will is truly the penalty server ,2026-03-31 00:20:53
Lmao asky,2026-03-31 00:20:53
come on asky,2026-03-31 00:20:54
I can’t wait to see if they sacrifice a child,2026-03-31 00:20:57
"do your thing asky, he deserved to fall!",2026-03-31 00:20:57
lmao adventures with Asky alright,2026-03-31 00:20:57
Oh dear ,2026-03-31 00:21:03
aight bruh,2026-03-31 00:21:04
Thats really not what we need ,2026-03-31 00:21:04
bruh...,2026-03-31 00:21:08
Asky wtf never seen that before ,2026-03-31 00:21:12
WTH ,2026-03-31 00:21:15
"https://preview.redd.it/x1otnbpr4bsg1.jpeg?width=1058&amp;format=pjpg&amp;auto=webp&amp;s=3382333998f943f329d0c5d022e24aa22916cf53

",2026-03-31 00:21:17
Just when I thought things were lookin up,2026-03-31 00:21:20
"All that because Sam pulled from Orlov's book and tripped on thin air, god these fucking dmen",2026-03-31 00:21:21
smith always gets put in jail lmao,2026-03-31 00:21:28
Let’s hope Asky redeems himself ,2026-03-31 00:21:28
Bad feeling here…,2026-03-31 00:21:28
I don’t think Will is enjoying this trip to jail,2026-03-31 00:21:31
"WHAT...,",2026-03-31 00:21:32
Shit we need to kill this one! ,2026-03-31 00:21:35
I'm starting to think Will Smith volunteers to serve these and wants to make it his thing.,2026-03-31 00:21:38
Asky my boy,2026-03-31 00:21:39
asky drawing a penalty AND taking a penalty in the same game lmao,2026-03-31 00:21:40
Dude ,2026-03-31 00:21:40
Graff PK king we need you,2026-03-31 00:21:44
dude had his thoughts under control for 2 periods,2026-03-31 00:21:49
REFS YOU SUCK,2026-03-31 00:21:56
"nooo will don’t go to jail ur too pretty : ,(",2026-03-31 00:21:59
Free Will,2026-03-31 00:22:01
Cmon man don’t be takin penalties like that ,2026-03-31 00:22:02
Lets get graf and vinny out NOW,2026-03-31 00:22:06
https://preview.redd.it/igy8e7kx4bsg1.jpeg?width=1200&amp;format=pjpg&amp;auto=webp&amp;s=4e661973b44cde66ad1632a7c846837f4dde95cd,2026-03-31 00:22:10
smitty once again jailed for somebody else’s crime 😭,2026-03-31 00:22:13
"You can do this. 
You can do this. ",2026-03-31 00:22:13
wat dat 😭,2026-03-31 00:22:15
https://i.redd.it/e8e5smbz4bsg1.gif,2026-03-31 00:22:27
RANDY DONT JINX IT,2026-03-31 00:22:30
I mean......I guess. Have never seen other goalies (cough Quick or Binnington) be called for that before though lol ,2026-03-31 00:22:31
i can’t watch ,2026-03-31 00:22:35
"https://preview.redd.it/o2mq3doz4bsg1.png?width=456&amp;format=png&amp;auto=webp&amp;s=ef5b4b9b5e1b9f7caee62a31cd4118dc106bf0ff

\*sigh\* post the meme again.\*points to sign\*",2026-03-31 00:22:43
fucks sake,2026-03-31 00:22:45
GRAF U KNOW WHAT TO DO,2026-03-31 00:22:55
Hofer holy,2026-03-31 00:23:04
Fucking joke,2026-03-31 00:23:06
Graf blocked that with his ass lmao,2026-03-31 00:23:07
what is up with the goalies today LMFAOO,2026-03-31 00:23:07
FUCK,2026-03-31 00:23:08
For fucks sake ,2026-03-31 00:23:11
"How many times has a goalie drew a penalty and committed a penalty in the same game?

Surely the broadcast team can find that crazy stat ",2026-03-31 00:23:14
FUCK MY LIFE ,2026-03-31 00:23:14
GRAF YES GOOD HUSTLE,2026-03-31 00:23:15
BOYS YOU CAN DO THIS,2026-03-31 00:23:16
"Thank you asky, very cool",2026-03-31 00:23:16
free me from san jose hockey torment ,2026-03-31 00:23:18
well this was extremely predictable ,2026-03-31 00:23:19
everybody puts smitty in a corner 🙃,2026-03-31 00:23:26
if they didnt show that little blues fan having a good time I would be heated rn lol,2026-03-31 00:23:27
That is the FOURTH almost goal? Holy fuck.,2026-03-31 00:23:28
Asky man,2026-03-31 00:23:29
"I am devastated (I do not love a tied game, overtime exhausted me last time)",2026-03-31 00:23:29
🧍‍♀️,2026-03-31 00:23:32
I swear to fucking GOD IF THEY FUCK THIS ,2026-03-31 00:23:34
https://preview.redd.it/q76bof175bsg1.jpeg?width=1600&amp;format=pjpg&amp;auto=webp&amp;s=68ffd86c3f3c9b52dd95ffcb5a03cf33ce3ee935,2026-03-31 00:23:38
if you didn't see that coming immediately after we went up 2 idk what to tell you,2026-03-31 00:23:40
"If I had a nickel, no a penny for every time the Sharks couldn't just win the game like a normal hockey team and had to give me stress that cuts my lifespan in half, I'd be fucking rich.",2026-03-31 00:23:41
fuck off...,2026-03-31 00:23:43
These last 2 penalties man,2026-03-31 00:23:43
FUCK,2026-03-31 00:23:44
we can never be happy that we're ahead can we,2026-03-31 00:23:46
bad night for both PKs,2026-03-31 00:23:47
If only Will passed that across to Celebrini earlier in the Period when he was wide open backdoor,2026-03-31 00:23:48
experience sharks hockey,2026-03-31 00:23:51
"yaro has in fact, not fixed his glove

thats ok hes so young",2026-03-31 00:23:53
Daaaaamn okay Celly one more i guess,2026-03-31 00:23:53
"Man, getting some dead Kennedy's up in here",2026-03-31 00:23:55
Need a save there.,2026-03-31 00:23:57
![gif](giphy|vNNsw7IsdQfowDotga),2026-03-31 00:23:58
Ok so it’s important that we don’t freak out ,2026-03-31 00:23:59
28-19 SOG in a tied game where we scored 3 PP goals is rough. If it was reversed we’d be down 6-2,2026-03-31 00:24:02
How is the blues pp 29th.. sure doesn’t look it,2026-03-31 00:24:07
"![gif](giphy|Yr9WZb9zxIz0aPAcLi)

",2026-03-31 00:24:08
We still manifesting hatties okay,2026-03-31 00:24:10
Asky dont give up 4+ goals challenge impossible,2026-03-31 00:24:14
well fuck,2026-03-31 00:24:17
Now is a great time for a gat trick ,2026-03-31 00:24:17
I need The Blues to get themselves a penalty ,2026-03-31 00:24:18
COME ON SHARKS WE NEED TO WIN TONIGHT NO MATTER WHAT PUSH PUSH PUSH,2026-03-31 00:24:19
i knew drew saying over and over that the blues suck ass at pp was gonna do smth bad ,2026-03-31 00:24:21
yeah that was expectef,2026-03-31 00:24:21
Asky man. No screen or tip and beat on the glove,2026-03-31 00:24:32
"Well fuck…I’m not mad asky, just disappointed ",2026-03-31 00:24:33
Where’s their fire man?? ,2026-03-31 00:24:33
Now thats the type of shot you have to save Asakrov.  Dudes a little leaky at times ,2026-03-31 00:24:34
That cant go in,2026-03-31 00:24:36
Optimist's side: more time for a Celebrini hatty perhaps if we go to OT?,2026-03-31 00:24:36
i need mack to get angry now ,2026-03-31 00:24:40
"Asky has let in two soft ones.

They need those saves ",2026-03-31 00:24:45
Don’t ruin the macklin 100 point night let’s get this win,2026-03-31 00:24:49
"https://preview.redd.it/s4lsf12f5bsg1.jpeg?width=1125&amp;format=pjpg&amp;auto=webp&amp;s=cf879c21bbf278c0a466478e677682c746390c87

",2026-03-31 00:24:55
is this gonna be another sharks otl to the blues to go 3 for 3? let’s find out! ,2026-03-31 00:24:56
Askarov has simply been bad tonight and took the penalty there to top it off. Really unfortunate with team playing pretty well in front of him. All he can do now is try and shame it off and give them a chance to win this still,2026-03-31 00:24:57
Wow.,2026-03-31 00:24:58
Cmon man!! Get going bro ,2026-03-31 00:25:00
Oh look a goal that asky has to stop but doesn't. ,2026-03-31 00:25:05
ORLOV FUCK MAN,2026-03-31 00:25:19
"Hofer keeps on grabbing sticks. Blues and cheating, a tale as old as time...",2026-03-31 00:25:23
"Hat trick to win the game, book it.",2026-03-31 00:25:25
It's been coming since we kept missing clear chances but dawg why,2026-03-31 00:25:28
Smith back to the point no one there.... That happens so damn much with him. He had all the time in the world there.,2026-03-31 00:25:36
Chillmack line pls deliver ,2026-03-31 00:25:36
"Asky is back from injury and barely played last game. Hasn't played much in a while.

Main issue is the penalties and the d-zone turnovers.",2026-03-31 00:25:38
Randy’s gotta stop cursing us with all this “bad power play” talk cause yikes,2026-03-31 00:25:45
This has been a pretty bad game for Orlov,2026-03-31 00:25:46
Mack hatty to win it mark my words,2026-03-31 00:25:46
insane levels of self-sabotage,2026-03-31 00:25:47
Every game I get more convinced that the Tank is built on some mystical Native land or something cause ain't no way we this unlucky.,2026-03-31 00:25:56
https://preview.redd.it/r1yvnxyl5bsg1.jpeg?width=1080&amp;format=pjpg&amp;auto=webp&amp;s=b72068b3b87df6a9710be2a90a781775fb59547a,2026-03-31 00:25:58
wut is fucking wrong with this team and not playing with urgency,2026-03-31 00:26:02
Fuck man the way this 3rd is looking we are fucked ,2026-03-31 00:26:11
holy fuck that makes up for the goal,2026-03-31 00:26:12
Sharks ain't winning this nudge nudge wink wink...,2026-03-31 00:26:13
Where’s our urgency man????,2026-03-31 00:26:28
this game isn’t good for my heart lmfao,2026-03-31 00:26:40
Is that person who showered last time showering again?,2026-03-31 00:26:42
"Orlov

https://preview.redd.it/0e48lnbr5bsg1.jpeg?width=1080&amp;format=pjpg&amp;auto=webp&amp;s=a54a0fe7ff58f1f4b43e10d0dbf137a1c77d9986",2026-03-31 00:26:48
"Hatty time for cele or wenny

https://preview.redd.it/c8ejg90r5bsg1.jpeg?width=1123&amp;format=pjpg&amp;auto=webp&amp;s=049f3459f40b26281a18ab792fb31dd5f1188eef",2026-03-31 00:26:50
We give away so many unnecessary goals. ,2026-03-31 00:26:50
"Sharks when they have the lead and can comfortably win the game:

![gif](giphy|UWMqiZtcixB4MoWX20)

",2026-03-31 00:26:53
"Why can’t we just have 2+ goal wins? Why do the Sharks think, “Up by two actually means we have two goals we can give up and not have to play stingy defense.”",2026-03-31 00:27:09
the linesmen putting Broberg on his knees was crazy,2026-03-31 00:27:16
sharks truly can either only play a good first or a good third,2026-03-31 00:27:16
"Feels like we’re scrambling a little, but remaining hopeful regardless",2026-03-31 00:27:21
"I should have gone to bed like an hour ago,  DONT MAKE ME REGRET IT BOYS ",2026-03-31 00:28:04
what a hustle from Chief,2026-03-31 00:28:07
Sherwood giving Hofer a little tap oop,2026-03-31 00:28:09
Askaroffnight ,2026-03-31 00:28:13
Action packed game.  Very entertaining no matter what happens.,2026-03-31 00:28:26
"Idk how we can continue to be on our heels when at home, especially with a solid crowd. I’m sure it’s youth but damn would be dangerous if we can turn into a team that can consistently finish games at home when we lead going into the third ",2026-03-31 00:28:28
please end my suffering with a hatty i beg of you ,2026-03-31 00:28:39
"Ok, who forgot to purchase the ""be good all 3 periods"" subscription after the free trial expired? Cmon, I'm not going to be mad...",2026-03-31 00:28:46
"Askarov is a young goalkeeper and these frustrating goals are just part of development, but he needs to get better on these soft ones next year.

If we’re saying the same things about soft goals, I’m not going to be as patient. It happens way too often",2026-03-31 00:28:50
Masters commercial hitting like crack,2026-03-31 00:28:52
if i have to see this assigned seating ad one more time ill genuinely combust ,2026-03-31 00:29:14
CAN WE STOP RUSHING THE PASS TO CLEAR THE ZONE PLEASE. ,2026-03-31 00:29:34
Heyyy they listened and fixed the schedule ,2026-03-31 00:29:49
"Dear Sharkie,

   For this game I would like a Mack hatty. A Wennberg one too if you can spare it.

Thanks,

(Censored Name), Ageless",2026-03-31 00:29:58
"Is this what coke feels like(and to the agent watching me through my camera, I obviously meant the soda, not the drug...)",2026-03-31 00:30:05
La chona ,2026-03-31 00:30:19
My nervous system is not having fun anymore. ,2026-03-31 00:30:20
Stop the icing please. ,2026-03-31 00:30:26
maybe if warsofsky shaves his hair we'll win,2026-03-31 00:30:51
![gif](giphy|ggHmCDJXx4om4hNWbM|downsized),2026-03-31 00:30:54
"If you're going to kill me via stress, at least let me die happy with a W or a Mack hatty Sharks.",2026-03-31 00:30:56
I feel sick,2026-03-31 00:31:00
idk what's wild to me is that y'all's GDTs look almost exactly the same as the Canes. I'm not quite sure what that means but I think it bodes well.,2026-03-31 00:31:05
im gonna be sick with how anxious i am rn...,2026-03-31 00:31:11
"Hey Blues, it’s really sexy to trip someone",2026-03-31 00:31:20
it’s been giveaway after giveaway after giveaway this period,2026-03-31 00:31:22
what...,2026-03-31 00:32:04
lol my stream crashed yayy,2026-03-31 00:32:26
Keep possession cmon,2026-03-31 00:32:29
"Trust me Blues, taking penalties is a good thing. Just try it...I don't know, how about now?",2026-03-31 00:32:31
I genuinely don’t think I can watch this,2026-03-31 00:32:35
"look at smith hustling back and throwing a little stick into the numbers, more of that please!",2026-03-31 00:32:37
who do we think is pulling their goalie,2026-03-31 00:32:49
Are we playing for a tie? Boys looking disconnected.,2026-03-31 00:32:49
I might shit my pants,2026-03-31 00:33:14
"Will Smith Hockey, you are so *censored* when you actually try to play the game",2026-03-31 00:33:32
Smith feels off sync ,2026-03-31 00:33:33
So many turnovers you could start a bakery,2026-03-31 00:33:37
This is bad,2026-03-31 00:33:58
Why is our stick handling so so bad in this last few minutes,2026-03-31 00:34:05
I feel so ill,2026-03-31 00:34:07
*Processing img uev6j8s27bsg1...*,2026-03-31 00:34:11
let’s win in regulation babes,2026-03-31 00:34:13
why the fuck is he trying poke check with a scrum in front of his net,2026-03-31 00:34:30
idk I kinda love 3v3 hockey ,2026-03-31 00:34:39
I feel our record with the lead in the 3rd is a bit misleading.  I feel we had to win about 9 of those in ot after giving up the lead it seems lol,2026-03-31 00:34:43
I fucking hate overtime ,2026-03-31 00:34:46
stupidass ferraro shot ,2026-03-31 00:34:56
"ADAM MF GAUDETTE

![gif](giphy|pAqLEeuYquAHQHXJ5z)",2026-03-31 00:34:59
the Toff to Mario goal there would've fed me for years,2026-03-31 00:35:00
Warso never calls timeout when you think someone would call timeout.,2026-03-31 00:35:03
ADAM ,2026-03-31 00:35:10
THE POWER OF FRIENDSHIIIIPPPPPPPPP,2026-03-31 00:35:12
HOCKEY GAUUUUUDDDDD,2026-03-31 00:35:12
One of those “playing not to lose instead of playing to win” moments. We gotta go for something here,2026-03-31 00:35:12
omg!,2026-03-31 00:35:12
GAUDETTTE,2026-03-31 00:35:13
"Sharks, we're going to need a sick note for tomorrow...",2026-03-31 00:35:14
Toff has been really really bad tonight after the 1st period ,2026-03-31 00:35:15
HOCKEY GAUD,2026-03-31 00:35:16
YESSSSSS,2026-03-31 00:35:17
Twitter is 30 sec’s quicker than my tv ,2026-03-31 00:35:19
"So tired of OT.

Edit: I stand corrected",2026-03-31 00:35:19
ADAMMMMMMMM,2026-03-31 00:35:19
Man this was some bad goalieing tonight.,2026-03-31 00:35:20
YESSSS BOYSS!!!,2026-03-31 00:35:20
HOLY FUCK!!!!,2026-03-31 00:35:21
FUCKING MASSIVE ,2026-03-31 00:35:23
GAUDY MY GOATTTTYYYYY,2026-03-31 00:35:24
im so scared ahhhhh,2026-03-31 00:35:25
Gonna score here,2026-03-31 00:35:26
GAUDY NEEDED THAT ,2026-03-31 00:35:27
OMGGGGGGG YESSSSSSS,2026-03-31 00:35:27
I’m fucking CRYINGGFGGGG,2026-03-31 00:35:28
Let’s goooooo,2026-03-31 00:35:29
LFG,2026-03-31 00:35:29
OH MY GOD ,2026-03-31 00:35:29
THE GAUUUUUUUUUUDDDDS COME THROUGH!!!,2026-03-31 00:35:30
HOCKEY GAUD!!!!!!,2026-03-31 00:35:31
THE HAND OF GAUD,2026-03-31 00:35:31
FUCK YEAH FINALLY THE BREAKAWAY PAYS OFF ,2026-03-31 00:35:31
YESSSSSSS,2026-03-31 00:35:32
GAUDETTE MY KING,2026-03-31 00:35:32
There it is ,2026-03-31 00:35:32
gah I havent wanted to be a game this bad in while god damn,2026-03-31 00:35:32
Im so sick. Now im healing,2026-03-31 00:35:33
LFGGGGG,2026-03-31 00:35:35
ADAM GAUDETTE I LOVE YOU ,2026-03-31 00:35:36
holy fucking shit ,2026-03-31 00:35:38
The slooooooow trickle across the line...,2026-03-31 00:35:38
THANK FUCK,2026-03-31 00:35:39
Let’s find a way!!!,2026-03-31 00:35:39
L E T S FUCKING GOOOOOOO,2026-03-31 00:35:40
MOTHER FUCKING DAWG LINE!!!!!,2026-03-31 00:35:40
OH MY GAUD ,2026-03-31 00:35:41
SOBBING ,2026-03-31 00:35:42
Plan the fucking parade,2026-03-31 00:35:43
ok well take it,2026-03-31 00:35:43
Thank you Adam,2026-03-31 00:35:44
Gaudette!,2026-03-31 00:35:44
We NEED to re-sign Gaudette. I love him on the 4th line!,2026-03-31 00:35:45
"REVENGE!!!!

![gif](giphy|YcVwQaBOtGGAw)

",2026-03-31 00:35:45
NIGHT NIGHTTTTTTTTT,2026-03-31 00:35:45
LETS FUCKING GO,2026-03-31 00:35:46
HELL YEAH WHAT A FUCKING PLAY ,2026-03-31 00:35:46
THE SEASON LIVES! Unbelievable effort.,2026-03-31 00:35:47
this game has had everything,2026-03-31 00:35:47
Yes !!!!!!!!!!!    Now hold em 21 seconds ,2026-03-31 00:35:47
Let’s fucking go!!!!!!!,2026-03-31 00:35:47
i’ve never been happier to hear this goddamn song,2026-03-31 00:35:48
GAUDY WITH THE BODY,2026-03-31 00:35:48
GAUDMANNNNNNNNNNNNNNNNNN,2026-03-31 00:35:48
THE HOCKEY GAUD,2026-03-31 00:35:48
LESS THAN 30 SECONDS TO GO 😭,2026-03-31 00:35:49
8!,2026-03-31 00:35:49
LETS FUCKING GO,2026-03-31 00:35:50
OH MAMA,2026-03-31 00:35:51
The HoCKeY guaddd,2026-03-31 00:35:52
ARE YOU KIDDING ME?!!! LETS GOOOOOOOO,2026-03-31 00:35:53
HOLY FUCK HOCKEY GAUD!!!!!,2026-03-31 00:35:54
GAUDETTE I LOVE YOU!!!!!!!!!!!,2026-03-31 00:35:54
DO YOU BELIEVE IN MIRACLES PEOPLE,2026-03-31 00:35:54
OMGGGG,2026-03-31 00:35:56
ATTABOY GAUDETTE ATTABOY,2026-03-31 00:35:59
I think we all knew he had the game winner,2026-03-31 00:36:01
Omg I can’t believe it!,2026-03-31 00:36:01
HOCKEY GAUDDDD,2026-03-31 00:36:01
Omg there’s real tears coming out of my eyes,2026-03-31 00:36:03
The 4th line deserved that so much,2026-03-31 00:36:03
The hand of Gaud!,2026-03-31 00:36:03
LET’S GOOOOOOO,2026-03-31 00:36:03
SOMEONE ASKED WHEN THE BREAKAWAY WAS GOING TO FINALLY COME THROUGH AND IT DID ,2026-03-31 00:36:04
THE GAUD,2026-03-31 00:36:05
HOCKEY GAUDDDD,2026-03-31 00:36:05
Brothers Sisters and Nonbinary  Friends I am actually gonna cry. ,2026-03-31 00:36:07
OH MY GAUD!!! ,2026-03-31 00:36:08
HOCKEY GAUD,2026-03-31 00:36:08
holy shit yess,2026-03-31 00:36:10
GAUDETTE YOU BEAUT YOU,2026-03-31 00:36:10
THAT WAS SOOOO SICK ,2026-03-31 00:36:10
Gaudette! Let’s fucking go!,2026-03-31 00:36:13
Hell yeah matchbox 20 sucks ,2026-03-31 00:36:15
I DIDNT HEAR NO BELL NOR FAT LADY,2026-03-31 00:36:16
https://preview.redd.it/9td0fr1g7bsg1.jpeg?width=1116&amp;format=pjpg&amp;auto=webp&amp;s=bd2427f5af47948ce611aa4cf4687be418faa0d7,2026-03-31 00:36:16
YESSSS GAUDY,2026-03-31 00:36:17
Regulation win would be huge.,2026-03-31 00:36:18
Listen this team is bad for my cardiac health but BRING IT ON,2026-03-31 00:36:18
# CHAT IS THIS REAL,2026-03-31 00:36:19
Nice goal song,2026-03-31 00:36:20
Now let’s finish it without a heart attack please,2026-03-31 00:36:21
"https://preview.redd.it/4e8x41sg7bsg1.jpeg?width=1079&amp;format=pjpg&amp;auto=webp&amp;s=a98c81e9996c91314e4f713b6f3463dccca30fe1

",2026-03-31 00:36:23
FINALLY GAUDETTE BREAKAWAY WORKS,2026-03-31 00:36:23
EASY RANDY!!!!,2026-03-31 00:36:29
I'm done having babies but I will have a Gaudette baby,2026-03-31 00:36:31
Gaudy legacy game ,2026-03-31 00:36:33
it took a few tries but gaudette got us there eventually,2026-03-31 00:36:33
HELL YEAH,2026-03-31 00:36:33
Gaudette!!,2026-03-31 00:36:35
Biggest goal of the season. Partly because it makes this a two point game instead of a 3 point game should they hold on ,2026-03-31 00:36:37
Now that we're winning I'm going to talk shit about all you casuals calling Asky for softies with Hofer let in a goal exactly like Asky's first,2026-03-31 00:36:41
Don't you dare scratch my hockey Gaud ever again!!!!,2026-03-31 00:36:44
randy stop talking right now,2026-03-31 00:36:45
WE ARE SO FUCKING BACK.,2026-03-31 00:36:46
Thank you sweet baby Jesus ,2026-03-31 00:36:49
The most stressful 21 seconds coming ,2026-03-31 00:36:49
"What a save!
What a save!
What a save!",2026-03-31 00:36:52
IF I CAN ESCAPE,2026-03-31 00:36:52
YES BOYS FUCK YESSSS,2026-03-31 00:36:58
"That's like Gaudettes 3rd or 4th partial breakaway tonight, glad to finally see him put one in. He's sneaky fast! ",2026-03-31 00:36:59
HOCKEY GAUDDDDDD,2026-03-31 00:36:59
see what happens when you don’t panic line blend,2026-03-31 00:37:00
Gaud-like effort by Gaudette,2026-03-31 00:37:00
thank you GAUDette,2026-03-31 00:37:02
I BELIEVE,2026-03-31 00:37:04
give credit to Chucky... such a faceoff beast ,2026-03-31 00:37:04
Now Celebrini with an empty netter?,2026-03-31 00:37:04
"Wow, great hustle by Gaudette to race up the ice and create that breakaway",2026-03-31 00:37:06
I just came to Reddit as I’m working til 10. Caught the 4-2 goal….Saw it was 4-4 and worried as hell. But now I’m seeing Hockey Gaud came through and I’m dying happy right meow.,2026-03-31 00:37:07
"https://i.redd.it/qvtxfb6h7bsg1.gif

Gaudette bro",2026-03-31 00:37:18
WHAT A GAME *OH MY GOD*,2026-03-31 00:37:22
I know Mack will be more happy with a win than a hat trick ,2026-03-31 00:37:33
Jump around by house of pain would be a sick goal song,2026-03-31 00:37:38
It’s nice to have a functioning 4th line again ,2026-03-31 00:37:42
seeing gaudette so happy making me smile uncontrollably ,2026-03-31 00:37:43
I FELL TO MY KNEES IN SAFEWAY,2026-03-31 00:37:47
God-ette saved us!!!,2026-03-31 00:37:50
So stressed ,2026-03-31 00:37:53
"3 seconds left against the Blues

https://preview.redd.it/2bzd8n7q7bsg1.jpeg?width=3008&amp;format=pjpg&amp;auto=webp&amp;s=b409ab6f6f90274020818115d61321643db7e7bc",2026-03-31 00:37:53
I'm not sure I've seen a goal quite like that off the glove into the 5 hole.,2026-03-31 00:37:54
god dang it i love this team ,2026-03-31 00:37:54
Adam gaudette the man that you are 🙏🎉🎉🎉🎉🎉🎉,2026-03-31 00:37:57
"Like, I'm actually stunned. My jaw is on the floor. ",2026-03-31 00:38:04
BEST GAME EVER I FUCKING LOVE SHARKS HOCKEY ,2026-03-31 00:38:08
"![gif](giphy|eeYCKm1UriwMAKe11Q)

SHARKS WINNNNN IN REGULATION!!!!",2026-03-31 00:38:11
LFGGGGGG WHAT A NIGHT ,2026-03-31 00:38:11
S H A R K S  W I N,2026-03-31 00:38:17
thank god,2026-03-31 00:38:18
Holy Fuck!,2026-03-31 00:38:21
No hattys but a win is a win and I will take that,2026-03-31 00:38:23
*Processing img pfl8urut7bsg1...*,2026-03-31 00:38:24
The sharks are really showing how bad they want to make the playoffs in this game,2026-03-31 00:38:27
WE'RE GOATED IDC,2026-03-31 00:38:28
sharkies never say die 🩵🩵🩵,2026-03-31 00:38:28
"Well fucking done lads, great win",2026-03-31 00:38:29
Insanity,2026-03-31 00:38:29
SHARKS HOCKEY IS SO GOOD,2026-03-31 00:38:34
"Let's go fuck the blues, that arch is stupid, Sharks win. ",2026-03-31 00:38:34
"https://preview.redd.it/zcwmeksr7bsg1.jpeg?width=1179&amp;format=pjpg&amp;auto=webp&amp;s=ed780d658a7962b5d1d0d1b980d11a1657a28725

",2026-03-31 00:38:36
Blowing the roof off that building,2026-03-31 00:38:36
Huge win !!!!!! ,2026-03-31 00:38:36
YEAHHHHHH!!!!!,2026-03-31 00:38:37
"WE'RE STILL IN IT, BOYS AND GIRLS!!!",2026-03-31 00:38:39
I’m so happy I might cry :’),2026-03-31 00:38:44
https://preview.redd.it/j7e4e2zv7bsg1.jpeg?width=1059&amp;format=pjpg&amp;auto=webp&amp;s=382e3e64550242c9f038bf4dee4ebe66c339d3ee,2026-03-31 00:38:45
Gaudette is such a fuckin beauty!,2026-03-31 00:38:47
LETS GOOOO,2026-03-31 00:38:47
https://preview.redd.it/vkkpqc1w7bsg1.jpeg?width=1169&amp;format=pjpg&amp;auto=webp&amp;s=5f2a421d37a7e4f05cffa96aa524ae059235c5ed,2026-03-31 00:38:47
what a fun one!,2026-03-31 00:38:47
hooray ,2026-03-31 00:38:49
"On my birthday, they guy wearing the year I was born, won the game. Yes, I'm fucking old.

Oh, and the guy wearing the DAY was the goalie.

Mack with 3 points.

I'll take it.",2026-03-31 00:38:49
"Did the goal song get removed? Lol 
Don’t recall hearing it",2026-03-31 00:38:51
Honestly so fucking happy for Asky ,2026-03-31 00:38:51
two big ole points hell YESSSSS. ,2026-03-31 00:38:52
Oh my gaudette that was sick,2026-03-31 00:38:54
I love Mr Russian Netminder,2026-03-31 00:38:55
Guys gotta stop making me nervous like this,2026-03-31 00:38:55
Huge win!!!! So happy we kept St. Louis from getting a point! ,2026-03-31 00:38:55
Grinded it out! Good game!,2026-03-31 00:38:56
OHMMYNTFJFJJYYNTTNTP,2026-03-31 00:38:58
IT'S NEVER OVER,2026-03-31 00:39:04
2 PTS FROM THE WC2!!!!! HUGE ASS WIN!!!!!,2026-03-31 00:39:06
This goalie love is WHAT I LIVE FOR,2026-03-31 00:39:09
Are we back chat?????? Big W 😭,2026-03-31 00:39:11
"I’m greedy, man that Mack empty net hat trick would have been insane. I’ll take this though!!! ",2026-03-31 00:39:13
Regulation win 🥰,2026-03-31 00:39:21
WE MAY NEVER LOSE AGAIN,2026-03-31 00:39:23
AHHHHH,2026-03-31 00:39:23
so happy our asky is back!!!,2026-03-31 00:39:27
I just woke my wife up lmao ,2026-03-31 00:39:29
Fucking massive oh my god ,2026-03-31 00:39:31
"So what I’m hearing is if the team has ‘blue’ in their name, we win?",2026-03-31 00:39:31
"https://preview.redd.it/a1um40x08bsg1.jpeg?width=1170&amp;format=pjpg&amp;auto=webp&amp;s=ceeb3c1c964668b8668be411c81475e421db3935

Me rn",2026-03-31 00:39:33
"BRB running through a wall, honestly feel this close win is better for the remaining stretch than a blowout win",2026-03-31 00:39:35
"IT AINT OVER UNTIL IT'S OVER

https://preview.redd.it/fzgmk7e18bsg1.jpeg?width=1080&amp;format=pjpg&amp;auto=webp&amp;s=c19f2786dc9f03a22eee6e1646d4e78aa96119cd",2026-03-31 00:39:35
that’s pookie fr ,2026-03-31 00:39:36
FUCK YEAHHHHHH,2026-03-31 00:39:41
mack’s foul mouth broke the stream ,2026-03-31 00:39:43
YIPEEEEEEE,2026-03-31 00:39:45
Holy Canoli! What a way to end it ,2026-03-31 00:39:51
"Thank you for the win for my mom, you guyyyyys.  Memories for life. 😭",2026-03-31 00:39:51
Let’s go Frenchie!,2026-03-31 00:39:56
Okay y'all who are the 🌟 ,2026-03-31 00:39:56
WOOOOOOOO,2026-03-31 00:39:58
"my top 3 games this season:
1. pens game 
2. Montreal march 3rd
3. this game  ",2026-03-31 00:40:00
Very fun game ,2026-03-31 00:40:00
![gif](giphy|l0K4k62CNUZNKv7EI),2026-03-31 00:40:01
I WANNA ROCK AND ROLL ALL NIGHTTTTTT AND PARTY EVERYDAY,2026-03-31 00:40:02
[Post game thread](https://www.reddit.com/r/SanJoseSharks/comments/1s8dpgn/post_game_thread_st_louis_blues_san_jose_sharks/),2026-03-31 00:40:04
![gif](giphy|G2ZHIFDuTMIZeyqCaw),2026-03-31 00:40:04
Finally we win against the blues thank god,2026-03-31 00:40:05
let’s goooooo,2026-03-31 00:40:05
BIG ASS GRIN ON MY FACE,2026-03-31 00:40:07
https://preview.redd.it/53j3xny48bsg1.jpeg?width=1179&amp;format=pjpg&amp;auto=webp&amp;s=cc75c934613d0eb708e194a600fbeded8a4fe6d8,2026-03-31 00:40:10
Celebrini and Asky duo so cute,2026-03-31 00:40:11
MY VOCAL CHORDS ARE FRIED BUT IDC WE WON! ,2026-03-31 00:40:14
Those huge hugs for Asky imma cry fr,2026-03-31 00:40:26
